StockID,Symbol
1,A
2,AA
3,AACBU
4,AACG
5,AACT
6,AADI
7,AAL
8,AAM
9,AAME
10,AAMI
11,AAOI
12,AAON
13,AAP
14,AAPG
15,AAPL
16,AARD
17,AAT
18,AB
19,ABAT
20,ABBV
21,ABCB
22,ABCL
23,ABEO
24,ABEV
25,ABG
26,ABL
27,ABLLL
28,ABLV
29,ABM
30,ABNB
31,ABOS
32,ABP
33,ABR
34,ABSI
35,ABT
36,ABTS
37,ABUS
38,ABVC
39,ABVE
40,ABVX
41,AC
42,ACA
43,ACAD
44,ACB
45,ACCD
46,ACCO
47,ACCS
48,ACDC
49,ACEL
50,ACET
51,ACGL
52,ACGLN
53,ACGLO
54,ACHC
55,ACHL
56,ACHR
57,ACHV
58,ACI
59,ACIC
60,ACIU
61,ACIW
62,ACLS
63,ACLX
64,ACM
65,ACMR
66,ACN
67,ACNB
68,ACNT
69,ACOG
70,ACON
71,ACP
72,ACR
73,ACRE
74,ACRS
75,ACRV
76,ACT
77,ACTG
78,ACTU
79,ACU
80,ACV
81,ACVA
82,ACXP
83,ADAG
84,ADAP
85,ADBE
86,ADC
87,ADCT
88,ADD
89,ADEA
90,ADGM
91,ADI
92,ADIL
93,ADM
94,ADMA
95,ADN
96,ADNT
97,ADP
98,ADPT
99,ADSE
100,ADSK
101,ADT
102,ADTN
103,ADTX
104,ADUR
105,ADUS
106,ADV
107,ADVB
108,ADVM
109,ADX
110,ADXN
111,AEE
112,AEF
113,AEFC
114,AEG
115,AEHL
116,AEHR
117,AEI
118,AEIS
119,AEM
120,AEMD
121,AENT
122,AEO
123,AEON
124,AEP
125,AER
126,AERT
127,AES
128,AESI
129,AEVA
130,AEYE
131,AFB
132,AFBI
133,AFCG
134,AFG
135,AFGB
136,AFGC
137,AFGD
138,AFGE
139,AFJK
140,AFJKU
141,AFL
142,AFMD
143,AFRI
144,AFRM
145,AFYA
146,AG
147,AGAE
148,AGCO
149,AGD
150,AGEN
151,AGFY
152,AGH
153,AGI
154,AGIO
155,AGL
156,AGM
157,AGMH
158,AGNC
159,AGNCL
160,AGNCM
161,AGNCN
162,AGNCO
163,AGNCP
164,AGO
165,AGRI
166,AGRO
167,AGS
168,AGX
169,AGYS
170,AHCO
171,AHG
172,AHH
173,AHR
174,AHT
175,AI
176,AIEV
177,AIFF
178,AIFU
179,AIG
180,AIHS
181,AIM
182,AIMAU
183,AIMBU
184,AIMD
185,AIN
186,AIO
187,AIOT
188,AIP
189,AIR
190,AIRE
191,AIRG
192,AIRI
193,AIRJ
194,AIRS
195,AIRT
196,AIRTP
197,AISP
198,AIT
199,AITR
200,AIV
201,AIXI
202,AIZ
203,AIZN
204,AJG
205,AKA
206,AKAM
207,AKAN
208,AKBA
209,AKR
210,AKRO
211,AKTX
212,AKYA
213,AL
214,ALAB
215,ALAR
216,ALB
217,ALBT
218,ALC
219,ALCO
220,ALCY
221,ALDF
222,ALDFU
223,ALDX
224,ALE
225,ALEC
226,ALEX
227,ALF
228,ALG
229,ALGM
230,ALGN
231,ALGS
232,ALGT
233,ALHC
234,ALIT
235,ALK
236,ALKS
237,ALKT
238,ALL
239,ALLE
240,ALLK
241,ALLO
242,ALLR
243,ALLT
244,ALLY
245,ALMS
246,ALNT
247,ALNY
248,ALOT
249,ALRM
250,ALRS
251,ALSN
252,ALT
253,ALTG
254,ALTI
255,ALTO
256,ALTR
257,ALTS
258,ALUR
259,ALV
260,ALVO
261,ALVR
262,ALX
263,ALXO
264,ALZN
265,AM
266,AMAL
267,AMAT
268,AMBA
269,AMBC
270,AMBI
271,AMBO
272,AMBP
273,AMC
274,AMCR
275,AMCX
276,AMD
277,AME
278,AMED
279,AMG
280,AMGN
281,AMH
282,AMIX
283,AMKR
284,AMLX
285,AMN
286,AMOD
287,AMP
288,AMPG
289,AMPGW
290,AMPH
291,AMPL
292,AMPS
293,AMPX
294,AMPY
295,AMR
296,AMRC
297,AMRK
298,AMRN
299,AMRX
300,AMS
301,AMSC
302,AMSF
303,AMST
304,AMT
305,AMTB
306,AMTD
307,AMTM
308,AMTX
309,AMWD
310,AMWL
311,AMX
312,AMZN
313,AN
314,ANAB
315,ANDE
316,ANEB
317,ANET
318,ANF
319,ANGH
320,ANGI
321,ANGO
322,ANIK
323,ANIP
324,ANIX
325,ANL
326,ANNA
327,ANNX
328,ANRO
329,ANSC
330,ANSCU
331,ANSS
332,ANTE
333,ANTX
334,ANVS
335,ANY
336,AOD
337,AOMN
338,AOMR
339,AON
340,AORT
341,AOS
342,AOSL
343,AOUT
344,AP
345,APA
346,APAM
347,APCX
348,APD
349,APDN
350,APEI
351,APG
352,APGE
353,APH
354,API
355,APLD
356,APLE
357,APLM
358,APLMW
359,APLS
360,APLT
361,APM
362,APO
363,APOG
364,APOS
365,APP
366,APPF
367,APPN
368,APPS
369,APRE
370,APT
371,APTO
372,APTV
373,APVO
374,APWC
375,APYX
376,AQB
377,AQMS
378,AQN
379,AQNB
380,AQST
381,AR
382,ARAY
383,ARBB
384,ARBE
385,ARBK
386,ARBKL
387,ARCB
388,ARCC
389,ARCO
390,ARCT
391,ARDC
392,ARDT
393,ARDX
394,ARE
395,AREB
396,AREC
397,AREN
398,ARES
399,ARGD
400,ARGX
401,ARHS
402,ARI
403,ARIS
404,ARKO
405,ARKR
406,ARL
407,ARLO
408,ARLP
409,ARM
410,ARMK
411,ARMN
412,ARMP
413,AROC
414,AROW
415,ARQ
416,ARQQ
417,ARQQW
418,ARQT
419,ARR
420,ARRY
421,ARTL
422,ARTNA
423,ARTV
424,ARTW
425,ARVN
426,ARW
427,ARWR
428,AS
429,ASA
430,ASAN
431,ASB
432,ASBA
433,ASBP
434,ASC
435,ASG
436,ASGI
437,ASGN
438,ASH
439,ASIX
440,ASLE
441,ASM
442,ASMB
443,ASML
444,ASND
445,ASNS
446,ASO
447,ASPC
448,ASPCU
449,ASPI
450,ASPN
451,ASPS
452,ASR
453,ASRT
454,ASRV
455,ASST
456,ASTC
457,ASTE
458,ASTH
459,ASTI
460,ASTL
461,ASTS
462,ASUR
463,ASX
464,ASYS
465,ATAI
466,ATAT
467,ATCH
468,ATCOL
469,ATEC
470,ATEN
471,ATER
472,ATEX
473,ATGE
474,ATGL
475,ATHA
476,ATHE
477,ATHM
478,ATHS
479,ATI
480,ATIIU
481,ATKR
482,ATLC
483,ATLCL
484,ATLCP
485,ATLCZ
486,ATLN
487,ATLO
488,ATLX
489,ATMC
490,ATMU
491,ATMV
492,ATNF
493,ATNI
494,ATNM
495,ATO
496,ATOM
497,ATOS
498,ATPC
499,ATR
500,ATRA
501,ATRC
502,ATRO
503,ATS
504,ATSG
505,ATUS
506,ATXG
507,ATXI
508,ATXS
509,ATYR
510,AU
511,AUB
512,AUBN
513,AUDC
514,AUID
515,AUNA
516,AUPH
517,AUR
518,AURA
519,AUST
520,AUTL
521,AUUD
522,AVA
523,AVAH
524,AVAL
525,AVAV
526,AVB
527,AVBP
528,AVD
529,AVDL
530,AVDX
531,AVGO
532,AVIR
533,AVK
534,AVNS
535,AVNT
536,AVNW
537,AVO
538,AVPT
539,AVR
540,AVT
541,AVTE
542,AVTR
543,AVTX
544,AVXL
545,AVY
546,AWF
547,AWH
548,AWI
549,AWK
550,AWP
551,AWR
552,AWRE
553,AWX
554,AX
555,AXDX
556,AXGN
557,AXIL
558,AXL
559,AXON
560,AXP
561,AXR
562,AXS
563,AXSM
564,AXTA
565,AXTI
566,AYI
567,AYRO
568,AYTU
569,AZ
570,AZEK
571,AZI
572,AZN
573,AZO
574,AZPN
575,AZTA
576,AZTR
577,AZUL
578,AZZ
579,BA
580,BABA
581,BAC
582,BACK
583,BACQ
584,BACQU
585,BAER
586,BAFN
587,BAH
588,BAK
589,BALL
590,BALY
591,BAM
592,BANC
593,BAND
594,BANF
595,BANFP
596,BANL
597,BANR
598,BANX
599,BAOS
600,BAP
601,BARK
602,BASE
603,BATL
604,BATRA
605,BATRK
606,BAX
607,BAYA
608,BB
609,BBAI
610,BBAR
611,BBCP
612,BBD
613,BBDC
614,BBDO
615,BBGI
616,BBIO
617,BBLG
618,BBLGW
619,BBN
620,BBNX
621,BBSI
622,BBU
623,BBUC
624,BBVA
625,BBW
626,BBWI
627,BBY
628,BC
629,BCAB
630,BCAL
631,BCAT
632,BCAX
633,BCBP
634,BCC
635,BCDA
636,BCE
637,BCG
638,BCH
639,BCLI
640,BCML
641,BCO
642,BCOW
643,BCPC
644,BCRX
645,BCS
646,BCSF
647,BCTX
648,BCV
649,BCX
650,BCYC
651,BDC
652,BDJ
653,BDL
654,BDMD
655,BDN
656,BDRX
657,BDSX
658,BDTX
659,BDX
660,BE
661,BEAG
662,BEAGU
663,BEAM
664,BEAT
665,BECN
666,BEDU
667,BEEM
668,BEEP
669,BEKE
670,BELFA
671,BELFB
672,BEN
673,BENF
674,BEP
675,BEPC
676,BEPH
677,BEPI
678,BEPJ
679,BERY
680,BEST
681,BETR
682,BFAM
683,BFC
684,BFH
685,BFIN
686,BFK
687,BFLY
688,BFRG
689,BFRI
690,BFS
691,BFST
692,BFZ
693,BG
694,BGB
695,BGC
696,BGFV
697,BGH
698,BGI
699,BGLC
700,BGM
701,BGR
702,BGS
703,BGSF
704,BGT
705,BGX
706,BGY
707,BH
708,BHAT
709,BHB
710,BHC
711,BHE
712,BHF
713,BHFAL
714,BHFAM
715,BHFAN
716,BHFAO
717,BHFAP
718,BHIL
719,BHK
720,BHLB
721,BHM
722,BHP
723,BHR
724,BHRB
725,BHST
726,BHV
727,BHVN
728,BIAF
729,BIDU
730,BIGC
731,BIIB
732,BILI
733,BILL
734,BIO
735,BIOA
736,BIOX
737,BIP
738,BIPC
739,BIPH
740,BIPI
741,BIPJ
742,BIRD
743,BIRK
744,BIT
745,BITF
746,BIVI
747,BJ
748,BJDX
749,BJRI
750,BK
751,BKD
752,BKDT
753,BKE
754,BKH
755,BKHA
756,BKKT
757,BKN
758,BKNG
759,BKR
760,BKSY
761,BKT
762,BKTI
763,BKU
764,BKV
765,BKYI
766,BL
767,BLBD
768,BLBX
769,BLCO
770,BLD
771,BLDE
772,BLDP
773,BLDR
774,BLE
775,BLFS
776,BLFY
777,BLIN
778,BLK
779,BLKB
780,BLMN
781,BLMZ
782,BLND
783,BLNE
784,BLNK
785,BLRX
786,BLTE
787,BLUE
788,BLW
789,BLX
790,BLZE
791,BMA
792,BMBL
793,BME
794,BMEA
795,BMEZ
796,BMGL
797,BMI
798,BMN
799,BMO
800,BMR
801,BMRA
802,BMRC
803,BMRN
804,BMY
805,BN
806,BNAI
807,BNED
808,BNGO
809,BNH
810,BNIX
811,BNJ
812,BNL
813,BNR
814,BNRG
815,BNS
816,BNT
817,BNTC
818,BNTX
819,BNY
820,BNZI
821,BOC
822,BODI
823,BOE
824,BOF
825,BOH
826,BOKF
827,BOLD
828,BOLT
829,BON
830,BOOM
831,BOOT
832,BORR
833,BOSC
834,BOTJ
835,BOW
836,BOWN
837,BOWNU
838,BOX
839,BOXL
840,BP
841,BPMC
842,BPOP
843,BPOPM
844,BPRN
845,BPT
846,BPYPM
847,BPYPN
848,BPYPO
849,BPYPP
850,BQ
851,BR
852,BRAG
853,BRBR
854,BRBS
855,BRC
856,BRCC
857,BRDG
858,BREA
859,BRFH
860,BRFS
861,BRIA
862,BRID
863,BRKL
864,BRKR
865,BRLS
866,BRLT
867,BRN
868,BRNS
869,BRO
870,BROG
871,BROS
872,BRSP
873,BRT
874,BRTX
875,BRW
876,BRX
877,BRY
878,BRZE
879,BSAC
880,BSBK
881,BSBR
882,BSET
883,BSGM
884,BSII
885,BSIIU
886,BSL
887,BSLK
888,BSM
889,BSRR
890,BST
891,BSTZ
892,BSVN
893,BSX
894,BSY
895,BTA
896,BTAI
897,BTBD
898,BTBT
899,BTCM
900,BTCS
901,BTCT
902,BTDR
903,BTE
904,BTG
905,BTI
906,BTM
907,BTMD
908,BTO
909,BTOC
910,BTOG
911,BTSG
912,BTSGU
913,BTT
914,BTTR
915,BTU
916,BTX
917,BTZ
918,BUD
919,BUI
920,BUJA
921,BUR
922,BURL
923,BURU
924,BUSE
925,BV
926,BVFL
927,BVN
928,BVS
929,BW
930,BWA
931,BWAY
932,BWB
933,BWBBP
934,BWEN
935,BWFG
936,BWG
937,BWIN
938,BWLP
939,BWMN
940,BWMX
941,BWNB
942,BWSN
943,BWXT
944,BX
945,BXC
946,BXMT
947,BXMX
948,BXP
949,BXSL
950,BY
951,BYD
952,BYFC
953,BYM
954,BYND
955,BYON
956,BYRN
957,BYSI
958,BZ
959,BZAI
960,BZFD
961,BZH
962,BZUN
963,C
964,CAAP
965,CAAS
966,CABA
967,CABO
968,CAC
969,CACC
970,CACI
971,CADE
972,CADL
973,CAE
974,CAF
975,CAG
976,CAH
977,CAKE
978,CAL
979,CALC
980,CALM
981,CALX
982,CAMP
983,CAMT
984,CAN
985,CANF
986,CANG
987,CAPL
988,CAPN
989,CAPNR
990,CAPR
991,CAPS
992,CAPT
993,CAR
994,CARA
995,CARE
996,CARG
997,CARM
998,CARR
999,CARS
1000,CART
1001,CARV
1002,CASH
1003,CASI
1004,CASK
1005,CASS
1006,CASY
1007,CAT
1008,CATO
1009,CATX
1010,CATY
1011,CAVA
1012,CB
1013,CBAN
1014,CBAT
1015,CBFV
1016,CBL
1017,CBLL
1018,CBNA
1019,CBNK
1020,CBOE
1021,CBRE
1022,CBRL
1023,CBSH
1024,CBT
1025,CBU
1026,CBUS
1027,CBZ
1028,CC
1029,CCAP
1030,CCB
1031,CCBG
1032,CCCC
1033,CCCS
1034,CCD
1035,CCEC
1036,CCEL
1037,CCEP
1038,CCG
1039,CCGWW
1040,CCI
1041,CCIA
1042,CCIF
1043,CCIR
1044,CCIRU
1045,CCIX
1046,CCJ
1047,CCK
1048,CCL
1049,CCLD
1050,CCLDO
1051,CCLDP
1052,CCM
1053,CCNE
1054,CCNEP
1055,CCO
1056,CCOI
1057,CCRD
1058,CCRN
1059,CCS
1060,CCSI
1061,CCTG
1062,CCU
1063,CDE
1064,CDIO
1065,CDLR
1066,CDLX
1067,CDNA
1068,CDNS
1069,CDP
1070,CDRE
1071,CDRO
1072,CDT
1073,CDTG
1074,CDTX
1075,CDW
1076,CDXC
1077,CDXS
1078,CDZI
1079,CDZIP
1080,CE
1081,CEAD
1082,CECO
1083,CEE
1084,CEG
1085,CELC
1086,CELH
1087,CELU
1088,CELZ
1089,CENN
1090,CENT
1091,CENTA
1092,CENX
1093,CEP
1094,CEPO
1095,CEPU
1096,CERO
1097,CERS
1098,CERT
1099,CET
1100,CETX
1101,CETY
1102,CEV
1103,CEVA
1104,CF
1105,CFBK
1106,CFFI
1107,CFFN
1108,CFG
1109,CFLT
1110,CFR
1111,CFSB
1112,CG
1113,CGABL
1114,CGAU
1115,CGBD
1116,CGBDL
1117,CGBS
1118,CGC
1119,CGEM
1120,CGEN
1121,CGNT
1122,CGNX
1123,CGO
1124,CGON
1125,CGTL
1126,CGTX
1127,CHAR
1128,CHCI
1129,CHCO
1130,CHCT
1131,CHD
1132,CHDN
1133,CHE
1134,CHEB
1135,CHEF
1136,CHEK
1137,CHGG
1138,CHH
1139,CHI
1140,CHKP
1141,CHMG
1142,CHMI
1143,CHN
1144,CHNR
1145,CHPT
1146,CHR
1147,CHRD
1148,CHRO
1149,CHRS
1150,CHRW
1151,CHSCL
1152,CHSCM
1153,CHSCN
1154,CHSCO
1155,CHSCP
1156,CHSN
1157,CHT
1158,CHTR
1159,CHW
1160,CHWY
1161,CHX
1162,CHY
1163,CI
1164,CIA
1165,CIB
1166,CICB
1167,CIEN
1168,CIF
1169,CIFR
1170,CIG
1171,CIGI
1172,CII
1173,CIK
1174,CIM
1175,CIMN
1176,CIMO
1177,CINF
1178,CING
1179,CINT
1180,CIO
1181,CION
1182,CISO
1183,CISS
1184,CIVB
1185,CIVI
1186,CIX
1187,CJET
1188,CJMB
1189,CKPT
1190,CKX
1191,CL
1192,CLAR
1193,CLB
1194,CLBK
1195,CLBR
1196,CLBT
1197,CLCO
1198,CLDI
1199,CLDT
1200,CLDX
1201,CLEU
1202,CLF
1203,CLFD
1204,CLGN
1205,CLH
1206,CLIK
1207,CLIR
1208,CLLS
1209,CLM
1210,CLMB
1211,CLMT
1212,CLNE
1213,CLNN
1214,CLOV
1215,CLPR
1216,CLPS
1217,CLPT
1218,CLRB
1219,CLRC
1220,CLRO
1221,CLS
1222,CLSD
1223,CLSK
1224,CLST
1225,CLVT
1226,CLW
1227,CLWT
1228,CLX
1229,CLYM
1230,CM
1231,CMA
1232,CMBM
1233,CMBT
1234,CMC
1235,CMCL
1236,CMCM
1237,CMCO
1238,CMCSA
1239,CMCT
1240,CME
1241,CMG
1242,CMI
1243,CMLS
1244,CMMB
1245,CMND
1246,CMP
1247,CMPO
1248,CMPR
1249,CMPS
1250,CMPX
1251,CMRE
1252,CMRX
1253,CMS
1254,CMSA
1255,CMSC
1256,CMSD
1257,CMT
1258,CMTG
1259,CMTL
1260,CMU
1261,CNA
1262,CNC
1263,CNCK
1264,CNDT
1265,CNET
1266,CNEY
1267,CNF
1268,CNFR
1269,CNFRZ
1270,CNH
1271,CNI
1272,CNK
1273,CNL
1274,CNM
1275,CNMD
1276,CNNE
1277,CNO
1278,CNOB
1279,CNOBP
1280,CNP
1281,CNQ
1282,CNR
1283,CNS
1284,CNSP
1285,CNTA
1286,CNTB
1287,CNTM
1288,CNTX
1289,CNTY
1290,CNVS
1291,CNX
1292,CNXC
1293,CNXN
1294,COCH
1295,COCO
1296,COCP
1297,CODA
1298,CODI
1299,CODX
1300,COE
1301,COEP
1302,COF
1303,COFS
1304,COGT
1305,COHN
1306,COHR
1307,COHU
1308,COIN
1309,COKE
1310,COLAU
1311,COLB
1312,COLD
1313,COLL
1314,COLM
1315,COMM
1316,COMP
1317,CON
1318,COO
1319,COOK
1320,COOP
1321,COOT
1322,COP
1323,COR
1324,CORT
1325,CORZ
1326,COSM
1327,COST
1328,COTY
1329,COUR
1330,COYA
1331,CP
1332,CPA
1333,CPAC
1334,CPAY
1335,CPB
1336,CPBI
1337,CPF
1338,CPHC
1339,CPHI
1340,CPIX
1341,CPK
1342,CPNG
1343,CPOP
1344,CPRI
1345,CPRT
1346,CPRX
1347,CPS
1348,CPSH
1349,CPSS
1350,CPT
1351,CPZ
1352,CQP
1353,CR
1354,CRAI
1355,CRBD
1356,CRBG
1357,CRBP
1358,CRBU
1359,CRC
1360,CRCT
1361,CRDF
1362,CRDL
1363,CRDO
1364,CREG
1365,CRESY
1366,CREV
1367,CREX
1368,CRF
1369,CRGO
1370,CRGX
1371,CRGY
1372,CRH
1373,CRI
1374,CRIS
1375,CRK
1376,CRL
1377,CRM
1378,CRMD
1379,CRML
1380,CRMT
1381,CRNC
1382,CRNT
1383,CRNX
1384,CRON
1385,CROX
1386,CRS
1387,CRSP
1388,CRSR
1389,CRT
1390,CRTO
1391,CRUS
1392,CRVL
1393,CRVO
1394,CRVS
1395,CRWD
1396,CRWS
1397,CSAI
1398,CSAN
1399,CSBR
1400,CSCI
1401,CSCO
1402,CSGP
1403,CSGS
1404,CSIQ
1405,CSL
1406,CSLR
1407,CSPI
1408,CSQ
1409,CSR
1410,CSTE
1411,CSTL
1412,CSTM
1413,CSV
1414,CSWC
1415,CSWCZ
1416,CSWI
1417,CSX
1418,CTAS
1419,CTBB
1420,CTBI
1421,CTCX
1422,CTDD
1423,CTEV
1424,CTGO
1425,CTHR
1426,CTKB
1427,CTLP
1428,CTM
1429,CTMX
1430,CTNM
1431,CTNT
1432,CTO
1433,CTOR
1434,CTOS
1435,CTRA
1436,CTRE
1437,CTRI
1438,CTRM
1439,CTRN
1440,CTS
1441,CTSH
1442,CTSO
1443,CTVA
1444,CTXR
1445,CUB
1446,CUBA
1447,CUBB
1448,CUBE
1449,CUBI
1450,CUBWU
1451,CUE
1452,CUK
1453,CULP
1454,CURB
1455,CURI
1456,CURR
1457,CURV
1458,CUTR
1459,CUZ
1460,CVAC
1461,CVBF
1462,CVCO
1463,CVE
1464,CVEO
1465,CVGI
1466,CVGW
1467,CVI
1468,CVKD
1469,CVLG
1470,CVLT
1471,CVM
1472,CVNA
1473,CVR
1474,CVRX
1475,CVS
1476,CVU
1477,CVV
1478,CVX
1479,CW
1480,CWAN
1481,CWBC
1482,CWCO
1483,CWD
1484,CWEN
1485,CWH
1486,CWK
1487,CWST
1488,CWT
1489,CX
1490,CXAI
1491,CXDO
1492,CXE
1493,CXH
1494,CXM
1495,CXT
1496,CXW
1497,CYBN
1498,CYBR
1499,CYCC
1500,CYCCP
1501,CYCN
1502,CYCU
1503,CYD
1504,CYH
1505,CYN
1506,CYRX
1507,CYTH
1508,CYTHW
1509,CYTK
1510,CZFS
1511,CZNC
1512,CZR
1513,CZWI
1514,D
1515,DAC
1516,DADA
1517,DAIO
1518,DAKT
1519,DAL
1520,DALN
1521,DAN
1522,DAO
1523,DAR
1524,DARE
1525,DASH
1526,DATS
1527,DATSW
1528,DAVA
1529,DAVE
1530,DAWN
1531,DAY
1532,DB
1533,DBD
1534,DBI
1535,DBL
1536,DBRG
1537,DBVT
1538,DBX
1539,DC
1540,DCBO
1541,DCGO
1542,DCI
1543,DCO
1544,DCOM
1545,DCOMG
1546,DCOMP
1547,DCTH
1548,DD
1549,DDC
1550,DDD
1551,DDI
1552,DDL
1553,DDOG
1554,DDS
1555,DDT
1556,DE
1557,DEA
1558,DEC
1559,DECA
1560,DECK
1561,DEI
1562,DELL
1563,DENN
1564,DEO
1565,DERM
1566,DESP
1567,DEVS
1568,DFH
1569,DFIN
1570,DFLI
1571,DFP
1572,DFS
1573,DG
1574,DGHI
1575,DGICA
1576,DGICB
1577,DGII
1578,DGLY
1579,DGNX
1580,DGX
1581,DH
1582,DHAI
1583,DHC
1584,DHCNI
1585,DHF
1586,DHI
1587,DHIL
1588,DHR
1589,DHT
1590,DHX
1591,DHY
1592,DIAX
1593,DIBS
1594,DIN
1595,DINO
1596,DIOD
1597,DIS
1598,DIT
1599,DJCO
1600,DJT
1601,DJTWW
1602,DK
1603,DKL
1604,DKNG
1605,DKS
1606,DLB
1607,DLHC
1608,DLNG
1609,DLO
1610,DLPN
1611,DLR
1612,DLTH
1613,DLTR
1614,DLX
1615,DLY
1616,DM
1617,DMA
1618,DMAA
1619,DMAAU
1620,DMAC
1621,DMB
1622,DMF
1623,DMLP
1624,DMN
1625,DMO
1626,DMRC
1627,DMYY
1628,DNA
1629,DNB
1630,DNLI
1631,DNN
1632,DNOW
1633,DNP
1634,DNTH
1635,DNUT
1636,DOC
1637,DOCN
1638,DOCS
1639,DOCU
1640,DOGZ
1641,DOLE
1642,DOMH
1643,DOMO
1644,DOOO
1645,DORM
1646,DOUG
1647,DOV
1648,DOW
1649,DOX
1650,DOYU
1651,DPG
1652,DPRO
1653,DPZ
1654,DQ
1655,DRCT
1656,DRD
1657,DRDB
1658,DRDBU
1659,DRH
1660,DRI
1661,DRIO
1662,DRMA
1663,DRRX
1664,DRS
1665,DRTS
1666,DRUG
1667,DRVN
1668,DSGN
1669,DSGR
1670,DSGX
1671,DSL
1672,DSM
1673,DSP
1674,DSS
1675,DSU
1676,DSWL
1677,DSX
1678,DSY
1679,DT
1680,DTB
1681,DTC
1682,DTCK
1683,DTE
1684,DTF
1685,DTG
1686,DTI
1687,DTIL
1688,DTM
1689,DTSQ
1690,DTSS
1691,DTST
1692,DTW
1693,DUK
1694,DUKB
1695,DUO
1696,DUOL
1697,DUOT
1698,DV
1699,DVA
1700,DVAX
1701,DVLT
1702,DVN
1703,DWSN
1704,DWTX
1705,DX
1706,DXC
1707,DXCM
1708,DXF
1709,DXLG
1710,DXPE
1711,DXR
1712,DXST
1713,DXYZ
1714,DY
1715,DYAI
1716,DYCQ
1717,DYN
1718,DYNX
1719,DYNXU
1720,E
1721,EA
1722,EAD
1723,EAF
1724,EAI
1725,EARN
1726,EAT
1727,EB
1728,EBAY
1729,EBC
1730,EBF
1731,EBMT
1732,EBON
1733,EBR
1734,EBS
1735,EBTC
1736,EC
1737,ECAT
1738,ECBK
1739,ECC           
1740,ECCC
1741,ECCF
1742,ECCU
1743,ECCV
1744,ECCW
1745,ECCX
1746,ECDA
1747,ECF
1748,ECG
1749,ECL
1750,ECO
1751,ECOR
1752,ECPG
1753,ECVT
1754,ECX
1755,ED
1756,EDAP
1757,EDBL
1758,EDD
1759,EDF
1760,EDIT
1761,EDN
1762,EDR
1763,EDRY
1764,EDSA
1765,EDTK
1766,EDU
1767,EDUC
1768,EE
1769,EEA
1770,EEFT
1771,EEIQ
1772,EEX
1773,EFC
1774,EFOI
1775,EFR
1776,EFSC
1777,EFSCP
1778,EFSH
1779,EFSI
1780,EFT
1781,EFX
1782,EFXT
1783,EG
1784,EGAN
1785,EGBN
1786,EGF
1787,EGHT
1788,EGP
1789,EGY
1790,EH
1791,EHAB
1792,EHC
1793,EHGO
1794,EHI
1795,EHTH
1796,EIC
1797,EICA
1798,EICB
1799,EICC
1800,EIG
1801,EIIA
1802,EIM
1803,EIX
1804,EJH
1805,EKSO
1806,EL
1807,ELA
1808,ELAB
1809,ELAN
1810,ELBM
1811,ELC
1812,ELDN
1813,ELEV
1814,ELF
1815,ELLO
1816,ELMD
1817,ELME
1818,ELP
1819,ELPC
1820,ELPW
1821,ELS
1822,ELSE
1823,ELTK
1824,ELTX
1825,ELUT
1826,ELV
1827,ELVA
1828,ELVN
1829,ELWS
1830,EM
1831,EMBC
1832,EMCG
1833,EMD
1834,EME
1835,EMF
1836,EML
1837,EMN
1838,EMO
1839,EMP
1840,EMR
1841,EMX
1842,ENB
1843,ENFN
1844,ENFY
1845,ENGN
1846,ENIC
1847,ENJ
1848,ENLT
1849,ENLV
1850,ENO
1851,ENOV
1852,ENPH
1853,ENR
1854,ENS
1855,ENSC
1856,ENSG
1857,ENTA
1858,ENTG
1859,ENTO
1860,ENTX
1861,ENVA
1862,ENVB
1863,ENVX
1864,ENX
1865,ENZ
1866,EOD
1867,EOG
1868,EOI
1869,EOLS
1870,EONR
1871,EOS
1872,EOSE
1873,EOSEW
1874,EOT
1875,EP
1876,EPAC
1877,EPAM
1878,EPC
1879,EPD
1880,EPIX
1881,EPM
1882,EPOW
1883,EPR
1884,EPRT
1885,EPRX
1886,EPSN
1887,EPWK
1888,EQ
1889,EQBK
1890,EQC
1891,EQH
1892,EQIX
1893,EQNR
1894,EQR
1895,EQS
1896,EQT
1897,EQV
1898,EQX
1899,ERAS
1900,ERC
1901,ERH
1902,ERIC
1903,ERIE
1904,ERII
1905,ERJ
1906,ERNA
1907,ERO
1908,ES
1909,ESAB
1910,ESCA
1911,ESE
1912,ESEA
1913,ESGL
1914,ESGR
1915,ESGRO
1916,ESGRP
1917,ESI
1918,ESLA
1919,ESLT
1920,ESNT
1921,ESOA
1922,ESP
1923,ESPR
1924,ESQ
1925,ESRT
1926,ESS
1927,ESSA
1928,ESTA
1929,ESTC
1930,ET
1931,ETB
1932,ETD
1933,ETG
1934,ETJ
1935,ETN
1936,ETNB
1937,ETO
1938,ETON
1939,ETR
1940,ETSY
1941,ETV
1942,ETW
1943,ETWO
1944,ETX           
1945,ETY
1946,EU
1947,EUDA
1948,EURK
1949,EURKU
1950,EVAX
1951,EVBN
1952,EVC
1953,EVCM
1954,EVER
1955,EVEX
1956,EVF
1957,EVG
1958,EVGN
1959,EVGO
1960,EVGOW
1961,EVH
1962,EVI
1963,EVLV
1964,EVM
1965,EVN
1966,EVO
1967,EVOK
1968,EVR
1969,EVRG
1970,EVRI
1971,EVT
1972,EVTC
1973,EVTL
1974,EVTV
1975,EVV
1976,EW
1977,EWBC
1978,EWCZ
1979,EWTX
1980,EXAS
1981,EXC
1982,EXE
1983,EXEEL
1984,EXEEZ
1985,EXEL
1986,EXFY
1987,EXG
1988,EXK
1989,EXLS
1990,EXOD
1991,EXOZ
1992,EXP
1993,EXPD
1994,EXPE
1995,EXPI
1996,EXPO
1997,EXR
1998,EXTR
1999,EYE
2000,EYEN
2001,EYPT
2002,EZGO
2003,EZPW
2004,F
2005,FA
2006,FAAS
2007,FACT
2008,FACTU
2009,FAF
2010,FAMI
2011,FANG
2012,FARM
2013,FARO
2014,FAST
2015,FAT
2016,FATBB
2017,FATBP
2018,FATE
2019,FAX
2020,FBGL
2021,FBIN
2022,FBIO
2023,FBIOP
2024,FBIZ
2025,FBK
2026,FBLA
2027,FBLG
2028,FBMS
2029,FBNC
2030,FBP
2031,FBRT
2032,FBRX
2033,FBYD
2034,FC
2035,FCAP
2036,FCBC
2037,FCCO
2038,FCEL
2039,FCF
2040,FCFS
2041,FCN
2042,FCNCA
2043,FCNCO
2044,FCNCP
2045,FCO
2046,FCPT
2047,FCRX
2048,FCT
2049,FCUV
2050,FCX
2051,FDBC
2052,FDMT
2053,FDP
2054,FDS
2055,FDSB
2056,FDUS
2057,FDX
2058,FE
2059,FEAM
2060,FEBO
2061,FEDU
2062,FEIM
2063,FELE
2064,FEMY
2065,FENC
2066,FENG
2067,FER
2068,FERAU
2069,FERG
2070,FET
2071,FF
2072,FFA
2073,FFBC
2074,FFC
2075,FFIC
2076,FFIE
2077,FFIN
2078,FFIV
2079,FFNW
2080,FFWM
2081,FG
2082,FGB
2083,FGBI
2084,FGBIP
2085,FGEN
2086,FGF
2087,FGFPP
2088,FGI
2089,FGL
2090,FGMC
2091,FGMCU
2092,FGN
2093,FGSN
2094,FHB
2095,FHI
2096,FHN
2097,FHTX
2098,FI
2099,FIBK
2100,FICO
2101,FIGS
2102,FIHL
2103,FINS
2104,FINV
2105,FINW
2106,FIP
2107,FIS
2108,FISI
2109,FITB
2110,FITBI
2111,FITBO
2112,FITBP
2113,FIVE
2114,FIVN
2115,FIX
2116,FIZZ
2117,FKWL
2118,FL
2119,FLC
2120,FLD
2121,FLEX
2122,FLG
2123,FLGC
2124,FLGT
2125,FLIC
2126,FLL
2127,FLNC
2128,FLNG
2129,FLNT
2130,FLO
2131,FLOC
2132,FLR
2133,FLS
2134,FLUT
2135,FLUX
2136,FLWS
2137,FLX
2138,FLXS
2139,FLYE
2140,FLYW
2141,FLYX
2142,FMAO
2143,FMBH
2144,FMC
2145,FMN
2146,FMNB
2147,FMS
2148,FMST
2149,FMTO
2150,FMX
2151,FMY
2152,FN
2153,FNA
2154,FNB
2155,FND
2156,FNF
2157,FNGR
2158,FNKO
2159,FNLC
2160,FNV
2161,FNWB
2162,FNWD
2163,FOA
2164,FOF
2165,FOLD
2166,FONR
2167,FOR
2168,FORA
2169,FORD
2170,FORL
2171,FORM
2172,FORR
2173,FORTY
2174,FOSL
2175,FOSLL
2176,FOUR
2177,FOX
2178,FOXA
2179,FOXF
2180,FOXO
2181,FOXX
2182,FPAY
2183,FPF
2184,FPH
2185,FPI
2186,FR
2187,FRA
2188,FRAF
2189,FRBA
2190,FRD
2191,FRGE
2192,FRGT
2193,FRHC
2194,FRME
2195,FRMEP
2196,FRO
2197,FROG
2198,FRPH
2199,FRPT
2200,FRSH
2201,FRST
2202,FRSX
2203,FRT
2204,FSBC
2205,FSBW
2206,FSCO
2207,FSEA
2208,FSFG
2209,FSHP
2210,FSI
2211,FSK
2212,FSLR
2213,FSLY
2214,FSM
2215,FSP
2216,FSS
2217,FSTR
2218,FSUN
2219,FSV
2220,FT
2221,FTAI
2222,FTAIM
2223,FTAIN
2224,FTCI
2225,FTDR
2226,FTEK
2227,FTEL
2228,FTF
2229,FTFT
2230,FTHM
2231,FTHY
2232,FTI
2233,FTK
2234,FTLF
2235,FTNT
2236,FTRE
2237,FTS
2238,FTV
2239,FUBO
2240,FUFU
2241,FUL
2242,FULC
2243,FULT
2244,FULTP
2245,FUN
2246,FUNC
2247,FUND
2248,FURY
2249,FUSB
2250,FUTU
2251,FVCB
2252,FVN
2253,FVNNR
2254,FVNNU
2255,FVR
2256,FVRR
2257,FWONA
2258,FWONK
2259,FWRD
2260,FWRG
2261,FXNC
2262,FYBR
2263,G
2264,GAB
2265,GABC
2266,GAIA
2267,GAIN
2268,GAINI
2269,GAINL
2270,GAINN
2271,GAINZ
2272,GALT
2273,GAM
2274,GAMB
2275,GAME
2276,GAN
2277,GANX
2278,GAP
2279,GASS
2280,GATE
2281,GATEW
2282,GATX
2283,GAU
2284,GAUZ
2285,GB
2286,GBAB
2287,GBBK
2288,GBCI
2289,GBDC
2290,GBIO
2291,GBLI
2292,GBR
2293,GBTG
2294,GBX
2295,GCBC
2296,GCI
2297,GCL
2298,GCMG
2299,GCO
2300,GCT
2301,GCTK
2302,GCTS
2303,GCV
2304,GD
2305,GDC
2306,GDDY
2307,GDEN
2308,GDEV
2309,GDHG
2310,GDL
2311,GDO
2312,GDOT
2313,GDRX
2314,GDS
2315,GDST
2316,GDTC
2317,GDV
2318,GDYN
2319,GE
2320,GECC
2321,GECCH
2322,GECCI
2323,GECCO
2324,GEF
2325,GEG
2326,GEGGL
2327,GEHC
2328,GEL
2329,GELS
2330,GEN
2331,GENC
2332,GENI
2333,GENK
2334,GEO
2335,GEOS
2336,GERN
2337,GES
2338,GETY
2339,GEV
2340,GEVO
2341,GF
2342,GFAI
2343,GFF
2344,GFI
2345,GFL
2346,GFR
2347,GFS
2348,GGAL
2349,GGB
2350,GGG
2351,GGN
2352,GGR
2353,GGT
2354,GGZ
2355,GH
2356,GHC
2357,GHG
2358,GHI
2359,GHLD
2360,GHM
2361,GHRS
2362,GHY
2363,GIB
2364,GIC
2365,GIFI
2366,GIFT
2367,GIG
2368,GIGGU
2369,GIGM
2370,GIII
2371,GIL
2372,GILD
2373,GILT
2374,GIPR
2375,GIS
2376,GITS
2377,GJH
2378,GJO
2379,GJP
2380,GJR
2381,GJT
2382,GKOS
2383,GL
2384,GLAC
2385,GLAD
2386,GLADZ
2387,GLBE
2388,GLBS
2389,GLBZ
2390,GLDD
2391,GLDG
2392,GLE
2393,GLMD
2394,GLNG
2395,GLO
2396,GLOB
2397,GLP
2398,GLPG
2399,GLPI
2400,GLQ
2401,GLRE
2402,GLSI
2403,GLST
2404,GLSTU
2405,GLTO
2406,GLU
2407,GLUE
2408,GLV
2409,GLW
2410,GLXG
2411,GLYC
2412,GM
2413,GMAB
2414,GME
2415,GMED
2416,GMGI
2417,GMHS
2418,GMM
2419,GMRE
2420,GMS
2421,GNE
2422,GNFT
2423,GNK
2424,GNL
2425,GNLN
2426,GNLX
2427,GNPX
2428,GNRC
2429,GNS
2430,GNSS
2431,GNT
2432,GNTA
2433,GNTX
2434,GNTY
2435,GNW
2436,GO
2437,GOCO
2438,GOF
2439,GOGL
2440,GOGO
2441,GOLD
2442,GOLF
2443,GOOD
2444,GOODN
2445,GOODO
2446,GOOG
2447,GOOGL
2448,GOOS
2449,GORO
2450,GORV
2451,GOSS
2452,GOTU
2453,GOVX
2454,GP
2455,GPAT
2456,GPC
2457,GPCR
2458,GPI
2459,GPJA
2460,GPK
2461,GPMT
2462,GPN
2463,GPOR
2464,GPRE
2465,GPRK
2466,GPRO
2467,GPUS
2468,GRAB
2469,GRABW
2470,GRAF
2471,GRAL
2472,GRBK
2473,GRC
2474,GRCE
2475,GRDN
2476,GREE
2477,GREEL
2478,GRF
2479,GRFS
2480,GRFX
2481,GRI
2482,GRMN
2483,GRND
2484,GRNQ
2485,GRNT
2486,GRO
2487,GROV
2488,GROW
2489,GROY
2490,GRPN
2491,GRRR
2492,GRVY
2493,GRWG
2494,GRX
2495,GRYP
2496,GS
2497,GSAT
2498,GSBC
2499,GSBD
2500,GSHD
2501,GSIT
2502,GSIW
2503,GSK
2504,GSL
2505,GSM
2506,GSRT
2507,GSRTR
2508,GSRTU
2509,GSUN
2510,GT
2511,GTBP
2512,GTE
2513,GTEC
2514,GTES
2515,GTI
2516,GTIM
2517,GTLB
2518,GTLS
2519,GTN
2520,GTX
2521,GTY
2522,GUG
2523,GURE
2524,GUT
2525,GUTS
2526,GV
2527,GVA
2528,GVH
2529,GWAV
2530,GWH
2531,GWRE
2532,GWRS
2533,GWW
2534,GXAI
2535,GXO
2536,GYRE
2537,GYRO
2538,H
2539,HAE
2540,HAFC
2541,HAFN
2542,HAIN
2543,HAL
2544,HALO
2545,HAO
2546,HAS
2547,HASI
2548,HAYW
2549,HBAN
2550,HBANL
2551,HBANM
2552,HBANP
2553,HBB
2554,HBCP
2555,HBI
2556,HBIO
2557,HBM
2558,HBNC
2559,HBT
2560,HCA
2561,HCAI
2562,HCAT
2563,HCC
2564,HCI
2565,HCKT
2566,HCM
2567,HCSG
2568,HCTI
2569,HCWB
2570,HCWC
2571,HCXY
2572,HD
2573,HDB
2574,HDL
2575,HDSN
2576,HE
2577,HEES
2578,HEI
2579,HELE
2580,HEPA
2581,HEPS
2582,HEQ
2583,HES
2584,HESM
2585,HFBL
2586,HFFG
2587,HFRO
2588,HFWA
2589,HG
2590,HGBL
2591,HGLB
2592,HGTY
2593,HGV
2594,HHH
2595,HHS
2596,HI
2597,HIFS
2598,HIG
2599,HIHO
2600,HII
2601,HIMS
2602,HIMX
2603,HIO
2604,HIPO
2605,HIT
2606,HITI
2607,HIVE
2608,HIW
2609,HIX
2610,HKD
2611,HKIT
2612,HKPD
2613,HL
2614,HLF
2615,HLI
2616,HLIO
2617,HLIT
2618,HLLY
2619,HLMN
2620,HLN
2621,HLNE
2622,HLP
2623,HLT
2624,HLVX
2625,HLX
2626,HLXB
2627,HMC
2628,HMN
2629,HMR
2630,HMST
2631,HMY
2632,HNI
2633,HNNA
2634,HNNAZ
2635,HNRG
2636,HNST
2637,HNVR
2638,HNW
2639,HOFT
2640,HOFV
2641,HOG
2642,HOLO
2643,HOLX
2644,HOMB
2645,HON
2646,HOND
2647,HONDU
2648,HONE
2649,HOOD
2650,HOOK
2651,HOPE
2652,HOTH
2653,HOUR
2654,HOUS
2655,HOV
2656,HOVNP
2657,HOVR
2658,HOWL
2659,HP
2660,HPAI
2661,HPE
2662,HPF
2663,HPH
2664,HPI
2665,HPK
2666,HPKEW
2667,HPP
2668,HPQ
2669,HPS
2670,HQH
2671,HQI
2672,HQL
2673,HQY
2674,HR
2675,HRB
2676,HRI
2677,HRL
2678,HRMY
2679,HROW
2680,HROWL
2681,HROWM
2682,HRTG
2683,HRTX
2684,HRZN
2685,HSAI
2686,HSBC
2687,HSCS
2688,HSDT
2689,HSHP
2690,HSIC
2691,HSII
2692,HSON
2693,HSPO
2694,HSPT
2695,HSPTU
2696,HST
2697,HSTM
2698,HSY
2699,HTB
2700,HTBK
2701,HTCO
2702,HTCR
2703,HTD
2704,HTFB
2705,HTFC
2706,HTGC
2707,HTH
2708,HTHT
2709,HTLD
2710,HTLM
2711,HTOO
2712,HTOOW
2713,HTZ
2714,HUBB
2715,HUBC
2716,HUBG
2717,HUBS
2718,HUDI
2719,HUHU
2720,HUIZ
2721,HUM
2722,HUMA
2723,HUN
2724,HURA
2725,HURC
2726,HURN
2727,HUSA
2728,HUT
2729,HUYA
2730,HVII
2731,HVIIU
2732,HVT
2733,HWBK
2734,HWC
2735,HWCPZ
2736,HWH
2737,HWKN
2738,HWM
2739,HXL
2740,HY
2741,HYAC
2742,HYFM
2743,HYI
2744,HYLN
2745,HYMC
2746,HYMCL
2747,HYPR
2748,HYT
2749,HZO
2750,IAC
2751,IAE
2752,IAF
2753,IAG
2754,IART
2755,IAS
2756,IAUX
2757,IBAC
2758,IBCP
2759,IBEX
2760,IBG
2761,IBIO
2762,IBKR
2763,IBM
2764,IBN
2765,IBO
2766,IBOC
2767,IBP
2768,IBRX
2769,IBTA
2770,ICAD
2771,ICCC
2772,ICCH
2773,ICCM
2774,ICCT
2775,ICE
2776,ICFI
2777,ICG
2778,ICHR
2779,ICL
2780,ICLK
2781,ICLR
2782,ICMB
2783,ICON
2784,ICU
2785,ICUI
2786,IDA
2787,IDAI
2788,IDCC
2789,IDE
2790,IDN
2791,IDR
2792,IDT
2793,IDXX
2794,IDYA
2795,IE
2796,IEP
2797,IESC
2798,IEX
2799,IFBD
2800,IFF
2801,IFN
2802,IFRX
2803,IFS
2804,IGA
2805,IGC
2806,IGD
2807,IGI
2808,IGIC
2809,IGMS
2810,IGR
2811,IGT
2812,IH
2813,IHD
2814,IHG
2815,IHRT
2816,IHS
2817,IHT
2818,IIF
2819,III
2820,IIIN
2821,IIIV
2822,IIM
2823,IINN
2824,IINNW
2825,IIPR
2826,IKNA
2827,IKT
2828,ILAG
2829,ILLR
2830,ILMN
2831,ILPT
2832,IMAB
2833,IMAX
2834,IMCC
2835,IMCR
2836,IMG
2837,IMKTA
2838,IMMP
2839,IMMR
2840,IMMX
2841,IMNM
2842,IMNN
2843,IMO
2844,IMOS
2845,IMPP
2846,IMPPP
2847,IMRN
2848,IMRX
2849,IMTE
2850,IMTX
2851,IMUX
2852,IMVT
2853,IMXI
2854,INAB
2855,INBK
2856,INBKZ
2857,INBS
2858,INBX
2859,INCR
2860,INCY
2861,INDB
2862,INDI
2863,INDO
2864,INDP
2865,INDV
2866,INFA
2867,INFU
2868,INFY
2869,ING
2870,INGM
2871,INGN
2872,INGR
2873,INHD
2874,INKT
2875,INLF
2876,INLX
2877,INM
2878,INMB
2879,INMD
2880,INN
2881,INNV
2882,INO
2883,INOD
2884,INR
2885,INSE
2886,INSG
2887,INSM
2888,INSP
2889,INSW
2890,INTA
2891,INTC
2892,INTG
2893,INTJ
2894,INTR
2895,INTS
2896,INTT
2897,INTU
2898,INTZ
2899,INUV
2900,INV
2901,INVA
2902,INVE
2903,INVH
2904,INVX
2905,INVZ
2906,INZY
2907,IOBT
2908,IONQ
2909,IONR
2910,IONS
2911,IOR
2912,IOSP
2913,IOT
2914,IOVA
2915,IP
2916,IPA
2917,IPAR
2918,IPDN
2919,IPG
2920,IPGP
2921,IPHA
2922,IPI
2923,IPM
2924,IPSC
2925,IPW
2926,IPWR
2927,IPX
2928,IPXX
2929,IPXXU
2930,IQ
2931,IQI
2932,IQV
2933,IR
2934,IRBT
2935,IRD
2936,IRDM
2937,IREN
2938,IRIX
2939,IRM
2940,IRMD
2941,IROH
2942,IRON
2943,IROQ
2944,IRS
2945,IRT
2946,IRTC
2947,IRWD
2948,ISD
2949,ISPC
2950,ISPO
2951,ISPOW
2952,ISPR
2953,ISRG
2954,ISRL
2955,ISSC
2956,ISTR
2957,IT
2958,ITCI
2959,ITGR
2960,ITIC
2961,ITOS
2962,ITP
2963,ITRG
2964,ITRI
2965,ITRM
2966,ITRN
2967,ITT
2968,ITUB
2969,ITW
2970,IVA
2971,IVAC
2972,IVCA
2973,IVDA
2974,IVP
2975,IVR
2976,IVT
2977,IVVD
2978,IVZ
2979,IX
2980,IXHL
2981,IZEA
2982,IZM
2983,J
2984,JACK
2985,JACS
2986,JAGX
2987,JAKK
2988,JAMF
2989,JANX
2990,JAZZ
2991,JBDI
2992,JBGS
2993,JBHT
2994,JBI
2995,JBK
2996,JBL
2997,JBLU
2998,JBSS
2999,JBTM
3000,JCE
3001,JCI
3002,JCSE
3003,JCTC
3004,JD
3005,JDZG
3006,JEF
3007,JELD
3008,JEQ
3009,JFB
3010,JFBR
3011,JFIN
3012,JFR
3013,JFU
3014,JG
3015,JGH
3016,JHG
3017,JHI
3018,JHS
3019,JHX
3020,JILL
3021,JJSF
3022,JKHY
3023,JKS
3024,JL
3025,JLL
3026,JLS
3027,JMIA
3028,JMM
3029,JMSB
3030,JNJ
3031,JNPR
3032,JNVR
3033,JOB
3034,JOBY
3035,JOE
3036,JOF
3037,JOUT
3038,JPC
3039,JPI
3040,JPM
3041,JQC
3042,JRI
3043,JRS
3044,JRSH
3045,JRVR
3046,JSM
3047,JSPR
3048,JTAI
3049,JUNE
3050,JUNS
3051,JVA
3052,JVSA
3053,JWEL
3054,JWN
3055,JXG
3056,JXN
3057,JYD
3058,JYNT
3059,JZ
3060,JZXN
3061,K
3062,KAI
3063,KALA
3064,KALU
3065,KALV
3066,KAPA
3067,KAR
3068,KARO
3069,KAVL
3070,KB
3071,KBDC
3072,KBH
3073,KBR
3074,KBSX
3075,KC
3076,KD
3077,KDLY
3078,KDP
3079,KE
3080,KELYB
3081,KEN
3082,KEP
3083,KEQU
3084,KEX
3085,KEY
3086,KEYS
3087,KF
3088,KFFB
3089,KFIIU
3090,KFRC
3091,KFS
3092,KFY
3093,KGC
3094,KGEI
3095,KGS
3096,KHC
3097,KIDS
3098,KIM
3099,KIND
3100,KINS
3101,KIO
3102,KIRK
3103,KITT
3104,KKR
3105,KKRS
3106,KLAC
3107,KLC
3108,KLG
3109,KLIC
3110,KLTO
3111,KLTR
3112,KLXE
3113,KMB
3114,KMDA
3115,KMI
3116,KMPB
3117,KMPR
3118,KMT
3119,KMTS
3120,KMX
3121,KN
3122,KNDI
3123,KNF
3124,KNOP
3125,KNSA
3126,KNSL
3127,KNTK
3128,KNW
3129,KNX
3130,KO
3131,KOD
3132,KODK
3133,KOF
3134,KOP
3135,KOPN
3136,KORE
3137,KOS
3138,KOSS
3139,KPLT
3140,KPRX
3141,KPTI
3142,KR
3143,KRC
3144,KREF
3145,KRG
3146,KRKR
3147,KRMD
3148,KRMN
3149,KRNT
3150,KRNY
3151,KRO
3152,KRON
3153,KROS
3154,KRP
3155,KRRO
3156,KRT
3157,KRUS
3158,KRYS
3159,KSCP
3160,KSPI
3161,KSS
3162,KT
3163,KTB
3164,KTCC
3165,KTF
3166,KTH
3167,KTN
3168,KTOS
3169,KTTA
3170,KUKE
3171,KULR
3172,KURA
3173,KVAC
3174,KVACU
3175,KVHI
3176,KVUE
3177,KVYO
3178,KW
3179,KWE
3180,KWR
3181,KXIN
3182,KYMR
3183,KYN
3184,KYTX
3185,KZIA
3186,KZR
3187,L
3188,LAB
3189,LAC
3190,LAD
3191,LADR
3192,LAES
3193,LAKE
3194,LAMR
3195,LANC
3196,LAND
3197,LANDM
3198,LANDO
3199,LANDP
3200,LANV
3201,LAR
3202,LARK
3203,LASE
3204,LASR
3205,LAUR
3206,LAW
3207,LAZ
3208,LAZR
3209,LB
3210,LBGJ
3211,LBRDA
3212,LBRDK
3213,LBRDP
3214,LBRT
3215,LBTYA
3216,LBTYB
3217,LBTYK
3218,LC
3219,LCFY
3220,LCID
3221,LCII
3222,LCNB
3223,LCTX
3224,LCUT
3225,LDI
3226,LDOS
3227,LDP
3228,LDTC
3229,LDWY
3230,LE
3231,LEA
3232,LECO
3233,LEDS
3234,LEE
3235,LEG
3236,LEGH
3237,LEGN
3238,LEGT
3239,LEN
3240,LENZ
3241,LEO
3242,LESL
3243,LEU
3244,LEVI
3245,LEXX
3246,LFCR
3247,LFMD
3248,LFMDP
3249,LFST
3250,LFT
3251,LFUS
3252,LFVN
3253,LFWD
3254,LGCB
3255,LGCL
3256,LGCY
3257,LGHL
3258,LGI
3259,LGIH
3260,LGL
3261,LGMK
3262,LGND
3263,LGO
3264,LGTY
3265,LGVN
3266,LH
3267,LHX
3268,LI
3269,LICN
3270,LIDR
3271,LIDRW
3272,LIEN
3273,LIF
3274,LII
3275,LILA
3276,LILAK
3277,LIN
3278,LINC
3279,LIND
3280,LINE
3281,LINK
3282,LION
3283,LIPO
3284,LIQT
3285,LITB
3286,LITE
3287,LITM
3288,LIVE
3289,LIVN
3290,LIXT
3291,LIXTW
3292,LKCO
3293,LKFN
3294,LKQ
3295,LLY
3296,LLYVA
3297,LLYVK
3298,LMAT
3299,LMB
3300,LMFA
3301,LMND
3302,LMNR
3303,LMT
3304,LNC
3305,LND
3306,LNG
3307,LNKB
3308,LNKS
3309,LNN
3310,LNSR
3311,LNT
3312,LNTH
3313,LNW
3314,LNZA
3315,LOAN
3316,LOAR
3317,LOB
3318,LOBO
3319,LOCL
3320,LOCO
3321,LODE
3322,LOGC
3323,LOGI
3324,LOKVU
3325,LOMA
3326,LOOP
3327,LOPE
3328,LOT
3329,LOVE
3330,LOW
3331,LPA
3332,LPAA
3333,LPBB
3334,LPBBU
3335,LPBBW
3336,LPCN
3337,LPG
3338,LPL
3339,LPLA
3340,LPRO
3341,LPSN
3342,LPTH
3343,LPTX
3344,LPX
3345,LQDA
3346,LQDT
3347,LRCX
3348,LRE
3349,LRFC
3350,LRHC
3351,LRMR
3352,LRN
3353,LSAK
3354,LSB
3355,LSBK
3356,LSCC
3357,LSE
3358,LSEA
3359,LSF
3360,LSH
3361,LSPD
3362,LSTA
3363,LSTR
3364,LTBR
3365,LTC
3366,LTH
3367,LTM
3368,LTRN
3369,LTRX
3370,LTRY
3371,LU
3372,LUCD
3373,LUCK
3374,LUCY
3375,LUCYW
3376,LUD
3377,LULU
3378,LUMN
3379,LUNG
3380,LUNR
3381,LUV
3382,LVLU
3383,LVO
3384,LVRO
3385,LVS
3386,LVTX
3387,LVWR
3388,LW
3389,LWAY
3390,LWLG
3391,LX
3392,LXEH
3393,LXEO
3394,LXFR
3395,LXP
3396,LXRX
3397,LXU
3398,LYB
3399,LYEL
3400,LYFT
3401,LYG
3402,LYRA
3403,LYT
3404,LYTS
3405,LYV
3406,LZ
3407,LZB
3408,LZM
3409,LZMH
3410,M
3411,MA
3412,MAA
3413,MAC
3414,MACI
3415,MAG
3416,MAGN
3417,MAIA
3418,MAIN
3419,MAMA
3420,MAMO
3421,MAN
3422,MANH
3423,MANU
3424,MAPS
3425,MAR
3426,MARA
3427,MARPS
3428,MAS
3429,MASI
3430,MASK
3431,MASS
3432,MAT
3433,MATH
3434,MATV
3435,MATW
3436,MATX
3437,MAV
3438,MAX
3439,MAXN
3440,MAYA
3441,MAYAU
3442,MAYS
3443,MAZE
3444,MBAV
3445,MBAVU
3446,MBC
3447,MBCN
3448,MBI
3449,MBIN
3450,MBINL
3451,MBINM
3452,MBINN
3453,MBIO
3454,MBLY
3455,MBNKP
3456,MBOT
3457,MBRX
3458,MBUU
3459,MBWM
3460,MBX
3461,MC
3462,MCB
3463,MCBS
3464,MCD
3465,MCFT
3466,MCHP
3467,MCHX
3468,MCI
3469,MCK
3470,MCN
3471,MCO
3472,MCR
3473,MCRB
3474,MCRI
3475,MCRP
3476,MCS
3477,MCTR
3478,MCVT
3479,MCW
3480,MCY
3481,MD
3482,MDAI
3483,MDB
3484,MDBH
3485,MDCX
3486,MDGL
3487,MDIA
3488,MDLZ
3489,MDRR
3490,MDT
3491,MDU
3492,MDV
3493,MDWD
3494,MDXG
3495,MDXH
3496,ME
3497,MEC
3498,MED
3499,MEDP
3500,MEG
3501,MEGI
3502,MEGL
3503,MEI
3504,MEIP
3505,MELI
3506,MEOH
3507,MERC
3508,MESA
3509,MESO
3510,MET
3511,META
3512,METC
3513,METCB
3514,METCL
3515,METCZ
3516,MFA
3517,MFAN
3518,MFAO
3519,MFC
3520,MFG
3521,MFH
3522,MFI
3523,MFIC
3524,MFICL
3525,MFIN
3526,MFM
3527,MG
3528,MGA
3529,MGEE
3530,MGF
3531,MGIC
3532,MGIH
3533,MGLD
3534,MGM
3535,MGNI
3536,MGNX
3537,MGPI
3538,MGR
3539,MGRB
3540,MGRC
3541,MGRD
3542,MGRE
3543,MGRM
3544,MGRX
3545,MGTX
3546,MGX
3547,MGY
3548,MGYR
3549,MHD
3550,MHF
3551,MHH
3552,MHI
3553,MHK
3554,MHLA
3555,MHLD
3556,MHN
3557,MHNC
3558,MHO
3559,MHUA
3560,MI
3561,MIDD
3562,MIGI
3563,MIMI
3564,MIN
3565,MIND
3566,MIO
3567,MIR
3568,MIRA
3569,MIRM
3570,MIST
3571,MITK
3572,MITN
3573,MITP
3574,MITQ
3575,MITT
3576,MIY
3577,MKC
3578,MKDW
3579,MKFG
3580,MKL
3581,MKSI
3582,MKTW
3583,MKTX
3584,MKZR
3585,ML
3586,MLAB
3587,MLAC
3588,MLACU
3589,MLCO
3590,MLEC
3591,MLGO
3592,MLI
3593,MLKN
3594,MLM
3595,MLNK
3596,MLP
3597,MLR
3598,MLSS
3599,MLTX
3600,MLYS
3601,MMA
3602,MMC
3603,MMD
3604,MMI
3605,MMLP
3606,MMM
3607,MMS
3608,MMSI
3609,MMT
3610,MMU
3611,MMYT
3612,MNDO
3613,MNDR
3614,MNDY
3615,MNKD
3616,MNMD
3617,MNOV
3618,MNPR
3619,MNR
3620,MNRO
3621,MNSB
3622,MNSBP
3623,MNSO
3624,MNST
3625,MNTK
3626,MNTS
3627,MNY
3628,MNYWW
3629,MO
3630,MOB
3631,MOBX
3632,MOD
3633,MODD
3634,MODG
3635,MODV
3636,MOFG
3637,MOGO
3638,MOGU
3639,MOH
3640,MOLN
3641,MOMO
3642,MORN
3643,MOS
3644,MOV
3645,MOVE
3646,MP
3647,MPA
3648,MPAA
3649,MPB
3650,MPC
3651,MPLX
3652,MPTI
3653,MPU
3654,MPV
3655,MPW
3656,MPWR
3657,MPX
3658,MQ
3659,MQT
3660,MQY
3661,MRAM
3662,MRBK
3663,MRC
3664,MRCC
3665,MRCY
3666,MREO
3667,MRIN
3668,MRK
3669,MRKR
3670,MRM
3671,MRNA
3672,MRNO
3673,MRP
3674,MRSN
3675,MRT
3676,MRTN
3677,MRUS
3678,MRVI
3679,MRVL
3680,MRX
3681,MS
3682,MSA
3683,MSAI
3684,MSB
3685,MSBI
3686,MSBIP
3687,MSC
3688,MSCI
3689,MSD
3690,MSDL
3691,MSEX
3692,MSFT
3693,MSGE
3694,MSGM
3695,MSGS
3696,MSI
3697,MSIF
3698,MSM
3699,MSN
3700,MSPR
3701,MSPRW
3702,MSS
3703,MSSA
3704,MSSAU
3705,MSTR
3706,MSW
3707,MT
3708,MTA
3709,MTAL
3710,MTB
3711,MTC
3712,MTCH
3713,MTD
3714,MTDR
3715,MTEK
3716,MTEN
3717,MTEX
3718,MTG
3719,MTH
3720,MTLS
3721,MTN
3722,MTNB
3723,MTR
3724,MTRN
3725,MTRX
3726,MTSI
3727,MTSR
3728,MTUS
3729,MTVA
3730,MTW
3731,MTX
3732,MTZ
3733,MU
3734,MUA
3735,MUC
3736,MUE
3737,MUFG
3738,MUJ
3739,MULN
3740,MUR
3741,MURA
3742,MUSA
3743,MUX
3744,MVBF
3745,MVF
3746,MVIS
3747,MVO
3748,MVST
3749,MVT
3750,MWA
3751,MWG
3752,MX
3753,MXC
3754,MXCT
3755,MXE
3756,MXF
3757,MXL
3758,MYD
3759,MYE
3760,MYFW
3761,MYGN
3762,MYI
3763,MYN
3764,MYND
3765,MYNZ
3766,MYO
3767,MYPS
3768,MYRG
3769,MYSZ
3770,MYTE
3771,NAAS
3772,NABL
3773,NAC
3774,NAD
3775,NAII
3776,NAK
3777,NAMI
3778,NAMS
3779,NAMSW
3780,NAN
3781,NAOV
3782,NAT
3783,NATH
3784,NATL
3785,NATR
3786,NAUT
3787,NAVI
3788,NAYA
3789,NAZ
3790,NB
3791,NBB
3792,NBBK
3793,NBH
3794,NBHC
3795,NBIS
3796,NBIX
3797,NBN
3798,NBR
3799,NBTB
3800,NBTX
3801,NBXG
3802,NBY
3803,NC
3804,NCA
3805,NCDL
3806,NCEW
3807,NCI
3808,NCIQ
3809,NCL
3810,NCLH
3811,NCMI
3812,NCNA
3813,NCNO
3814,NCPL
3815,NCRA
3816,NCSM
3817,NCTY
3818,NCV
3819,NCZ
3820,NDAQ
3821,NDLS
3822,NDMO
3823,NDRA
3824,NDSN
3825,NE
3826,NEA
3827,NECB
3828,NEE
3829,NEGG
3830,NEHC
3831,NEM
3832,NEN
3833,NEO
3834,NEOG
3835,NEON
3836,NEOV
3837,NEPH
3838,NERV
3839,NESR
3840,NET
3841,NETD
3842,NEU
3843,NEUE
3844,NEUP
3845,NEWP
3846,NEWT
3847,NEWTG
3848,NEWTH
3849,NEWTI
3850,NEWTZ
3851,NEXA
3852,NEXN
3853,NEXT
3854,NFBK
3855,NFE
3856,NFG
3857,NFGC
3858,NFJ
3859,NFLX
3860,NG
3861,NGD
3862,NGG
3863,NGL
3864,NGNE
3865,NGS
3866,NGVC
3867,NGVT
3868,NHC
3869,NHI
3870,NHICU
3871,NHPAP
3872,NHPBP
3873,NHS
3874,NHTC
3875,NI
3876,NIC
3877,NICE
3878,NIE
3879,NIM
3880,NINE
3881,NIO
3882,NIPG
3883,NISN
3884,NITO
3885,NIU
3886,NIVF
3887,NIXX
3888,NJR
3889,NKE
3890,NKSH
3891,NKTR
3892,NKTX
3893,NKX
3894,NL
3895,NLOP
3896,NLSP
3897,NLSPW
3898,NLY
3899,NMAI
3900,NMCO
3901,NMFC
3902,NMFCZ
3903,NMG
3904,NMI
3905,NMIH
3906,NML
3907,NMM
3908,NMR
3909,NMRA
3910,NMRK
3911,NMS
3912,NMT
3913,NMTC
3914,NMZ
3915,NN
3916,NNBR
3917,NNDM
3918,NNE
3919,NNI
3920,NNN
3921,NNNN
3922,NNOX
3923,NNVC
3924,NNY
3925,NOA
3926,NOAH
3927,NOC
3928,NODK
3929,NOEM
3930,NOEMU
3931,NOG
3932,NOK
3933,NOM
3934,NOMD
3935,NOTE
3936,NOTV
3937,NOV
3938,NOVA
3939,NOVT
3940,NOW
3941,NPB
3942,NPCE
3943,NPCT
3944,NPFD
3945,NPK
3946,NPKI
3947,NPO
3948,NPV
3949,NPWR
3950,NQP
3951,NRC
3952,NRDS
3953,NRDY
3954,NREF
3955,NRG
3956,NRGV
3957,NRIM
3958,NRIX
3959,NRK
3960,NRO
3961,NRP
3962,NRSN
3963,NRT
3964,NRUC
3965,NRXP
3966,NRXS
3967,NSA
3968,NSC
3969,NSIT
3970,NSP
3971,NSPR
3972,NSSC
3973,NSTS
3974,NSYS
3975,NTAP
3976,NTB
3977,NTCL
3978,NTCT
3979,NTES
3980,NTGR
3981,NTIC
3982,NTIP
3983,NTLA
3984,NTNX
3985,NTR
3986,NTRA
3987,NTRB
3988,NTRBW
3989,NTRP
3990,NTRS
3991,NTRSO
3992,NTST
3993,NTWK
3994,NTWO
3995,NTWOU
3996,NTZ
3997,NU
3998,NUE
3999,NUKK
4000,NUKKW
4001,NURO
4002,NUS
4003,NUTX
4004,NUV
4005,NUVB
4006,NUVL
4007,NUW
4008,NUWE
4009,NVA
4010,NVAX
4011,NVCR
4012,NVCT
4013,NVDA
4014,NVEC
4015,NVEE
4016,NVFY
4017,NVG
4018,NVGS
4019,NVMI
4020,NVNI
4021,NVNO
4022,NVO
4023,NVR
4024,NVRI
4025,NVRO
4026,NVS
4027,NVST
4028,NVT
4029,NVTS
4030,NVVE
4031,NVX
4032,NWBI
4033,NWE
4034,NWFL
4035,NWG
4036,NWGL
4037,NWL
4038,NWN
4039,NWPX
4040,NWS
4041,NWSA
4042,NWTN
4043,NX
4044,NXC
4045,NXDT
4046,NXE
4047,NXG
4048,NXGL
4049,NXJ
4050,NXL
4051,NXN
4052,NXP
4053,NXPI
4054,NXPL
4055,NXRT
4056,NXST
4057,NXT
4058,NXTC
4059,NXTT
4060,NXU
4061,NXXT
4062,NYAX
4063,NYC
4064,NYMT
4065,NYMTG
4066,NYMTI
4067,NYMTL
4068,NYMTM
4069,NYMTN
4070,NYMTZ
4071,NYT
4072,NYXH
4073,NZF
4074,O
4075,OABI
4076,OACC
4077,OACCU
4078,OAKU
4079,OAKUR
4080,OB
4081,OBDC
4082,OBE
4083,OBIO
4084,OBK
4085,OBLG
4086,OBT
4087,OC
4088,OCC
4089,OCCI
4090,OCCIM
4091,OCCIN
4092,OCCIO
4093,OCEA
4094,OCFC
4095,OCFCP
4096,OCFT
4097,OCG
4098,OCGN
4099,OCS
4100,OCSL
4101,OCTO
4102,OCUL
4103,OCX
4104,ODD
4105,ODFL
4106,ODP
4107,ODV
4108,ODYS
4109,OEC
4110,OESX
4111,OFG
4112,OFIX
4113,OFLX
4114,OFS
4115,OFSSH
4116,OGE
4117,OGEN
4118,OGI
4119,OGN
4120,OGS
4121,OHI
4122,OI
4123,OIA
4124,OII
4125,OIS
4126,OKE
4127,OKLO
4128,OKTA
4129,OKUR
4130,OKYO
4131,OLB
4132,OLED
4133,OLLI
4134,OLMA
4135,OLN
4136,OLO
4137,OLP
4138,OLPX
4139,OM
4140,OMAB
4141,OMC
4142,OMCC
4143,OMCL
4144,OMER
4145,OMEX
4146,OMF
4147,OMH
4148,OMI
4149,ON
4150,ONB
4151,ONBPO
4152,ONBPP
4153,ONC
4154,ONCO
4155,ONCY
4156,ONDS
4157,ONEG
4158,ONEW
4159,ONFO
4160,ONIT
4161,ONL
4162,ONMD
4163,ONON
4164,ONTF
4165,ONTO
4166,ONVO
4167,OOMA
4168,OP
4169,OPAD
4170,OPAL
4171,OPBK
4172,OPCH
4173,OPEN
4174,OPFI
4175,OPHC
4176,OPI
4177,OPINL
4178,OPK
4179,OPOF
4180,OPP
4181,OPRA
4182,OPRT
4183,OPRX
4184,OPT
4185,OPTN
4186,OPTT
4187,OPTX
4188,OPXS
4189,OPY
4190,OR
4191,ORA
4192,ORC
4193,ORCL
4194,ORGN
4195,ORGO
4196,ORI
4197,ORIC
4198,ORIS
4199,ORKA
4200,ORKT
4201,ORLA
4202,ORLY
4203,ORMP
4204,ORN
4205,ORRF
4206,OS
4207,OSBC
4208,OSCR
4209,OSIS
4210,OSK
4211,OSPN
4212,OSRH
4213,OSS
4214,OST
4215,OSTX
4216,OSUR
4217,OSW
4218,OTEX
4219,OTIS
4220,OTLK
4221,OTLY
4222,OTRK
4223,OTTR
4224,OUST
4225,OUT
4226,OVBC
4227,OVID
4228,OVLY
4229,OVV
4230,OWL
4231,OWLT
4232,OXBR
4233,OXLC
4234,OXLCG
4235,OXLCI
4236,OXLCL
4237,OXLCN
4238,OXLCO
4239,OXLCP
4240,OXLCZ
4241,OXM
4242,OXSQG
4243,OXSQZ
4244,OXY
4245,OZ
4246,OZK
4247,OZKAP
4248,PAA
4249,PAAS
4250,PAC
4251,PACB
4252,PACK
4253,PACS
4254,PAG
4255,PAGP
4256,PAGS
4257,PAHC
4258,PAI
4259,PAL
4260,PALI
4261,PAM
4262,PAMT
4263,PANL
4264,PANW
4265,PAPL
4266,PAR
4267,PARA
4268,PARAA
4269,PARR
4270,PASG
4271,PATH
4272,PATK
4273,PAVM
4274,PAVS
4275,PAX
4276,PAXS
4277,PAY
4278,PAYC
4279,PAYO
4280,PAYS
4281,PAYX
4282,PB
4283,PBA
4284,PBBK
4285,PBF
4286,PBFS
4287,PBH
4288,PBHC
4289,PBI
4290,PBM
4291,PBPB
4292,PBR
4293,PBT
4294,PBYI
4295,PC
4296,PCAR
4297,PCB
4298,PCF
4299,PCG
4300,PCH
4301,PCK
4302,PCLA
4303,PCM
4304,PCN
4305,PCOR
4306,PCQ
4307,PCRX
4308,PCSA
4309,PCSC
4310,PCT
4311,PCTTU
4312,PCTY
4313,PCVX
4314,PCYO
4315,PD
4316,PDCC
4317,PDCO
4318,PDD
4319,PDEX
4320,PDFS
4321,PDI
4322,PDLB
4323,PDM
4324,PDO
4325,PDPA
4326,PDS
4327,PDSB
4328,PDT
4329,PDX
4330,PDYN
4331,PDYNW
4332,PEB
4333,PEBK
4334,PEBO
4335,PECO
4336,PED
4337,PEG
4338,PEGA
4339,PEN
4340,PENG
4341,PENN
4342,PEO
4343,PEP
4344,PEPG
4345,PERF
4346,PERI
4347,PESI
4348,PET
4349,PETS
4350,PETZ
4351,PEV
4352,PFBC
4353,PFD
4354,PFE
4355,PFG
4356,PFGC
4357,PFH
4358,PFIS
4359,PFL
4360,PFLT
4361,PFN
4362,PFO
4363,PFS
4364,PFSI
4365,PFX
4366,PFXNZ
4367,PG
4368,PGC
4369,PGEN
4370,PGHL
4371,PGNY
4372,PGP
4373,PGR
4374,PGRE
4375,PGY
4376,PGYWW
4377,PGZ
4378,PH
4379,PHAR
4380,PHAT
4381,PHD
4382,PHG
4383,PHGE
4384,PHH
4385,PHI
4386,PHIN
4387,PHIO
4388,PHK
4389,PHLT
4390,PHM
4391,PHR
4392,PHT
4393,PHUN
4394,PHVS
4395,PHX
4396,PI
4397,PII
4398,PIII
4399,PIM
4400,PINC
4401,PINE
4402,PINS
4403,PIPR
4404,PITA
4405,PJT
4406,PK
4407,PKBK
4408,PKE
4409,PKG
4410,PKOH
4411,PKST
4412,PKX
4413,PL
4414,PLAB
4415,PLAG
4416,PLAY
4417,PLBC
4418,PLBY
4419,PLCE
4420,PLD
4421,PLG
4422,PLL
4423,PLMK
4424,PLMKU
4425,PLMR
4426,PLNT
4427,PLOW
4428,PLPC
4429,PLRX
4430,PLRZ
4431,PLSE
4432,PLTK
4433,PLTR
4434,PLUG
4435,PLUR
4436,PLUS
4437,PLUT
4438,PLX
4439,PLXS
4440,PLYA
4441,PLYM
4442,PM
4443,PMAX
4444,PMCB
4445,PMEC
4446,PMF
4447,PML
4448,PMM
4449,PMN
4450,PMNT
4451,PMO
4452,PMT
4453,PMTS
4454,PMTU
4455,PMTV
4456,PMVP
4457,PMX
4458,PN
4459,PNBK
4460,PNC
4461,PNF
4462,PNFP
4463,PNFPP
4464,PNI
4465,PNNT
4466,PNR
4467,PNRG
4468,PNTG
4469,PNW
4470,POAI
4471,POCI
4472,PODC
4473,PODD
4474,POET
4475,POLA
4476,POLE
4477,POLEU
4478,PONY
4479,POOL
4480,POR
4481,POST
4482,POWI
4483,POWL
4484,POWW
4485,POWWP
4486,PPBI
4487,PPBT
4488,PPC
4489,PPG
4490,PPIH
4491,PPL
4492,PPSI
4493,PPT
4494,PPTA
4495,PR
4496,PRA
4497,PRAA
4498,PRAX
4499,PRCH
4500,PRCT
4501,PRDO
4502,PRE
4503,PRFX
4504,PRG
4505,PRGO
4506,PRGS
4507,PRH
4508,PRI
4509,PRIM
4510,PRK
4511,PRKS
4512,PRLB
4513,PRLD
4514,PRM
4515,PRMB
4516,PRME
4517,PRO
4518,PROF
4519,PROK
4520,PROP
4521,PROV
4522,PRPH
4523,PRPL
4524,PRPO
4525,PRQR
4526,PRS
4527,PRSO
4528,PRSU
4529,PRT
4530,PRTA
4531,PRTC
4532,PRTG
4533,PRTH
4534,PRTS
4535,PRU
4536,PRVA
4537,PRZO
4538,PSA
4539,PSBD
4540,PSEC
4541,PSF
4542,PSFE
4543,PSHG
4544,PSIG
4545,PSIX
4546,PSMT
4547,PSN
4548,PSNL
4549,PSNY
4550,PSNYW
4551,PSO
4552,PSQH
4553,PSTG
4554,PSTL
4555,PSTV
4556,PSX
4557,PT
4558,PTA
4559,PTC
4560,PTCT
4561,PTEN
4562,PTGX
4563,PTHL
4564,PTIX
4565,PTLE
4566,PTLO
4567,PTMN
4568,PTN
4569,PTON
4570,PTPI
4571,PTVE
4572,PTY
4573,PUBM
4574,PUK
4575,PULM
4576,PUMP
4577,PVBC
4578,PVH
4579,PVL
4580,PVLA
4581,PW
4582,PWM
4583,PWOD
4584,PWP
4585,PWR
4586,PX
4587,PXLW
4588,PXS
4589,PYCR
4590,PYN
4591,PYPD
4592,PYPL
4593,PYT
4594,PYXS
4595,PZC
4596,PZG
4597,PZZA
4598,QBTS
4599,QCOM
4600,QCRH
4601,QD
4602,QDEL
4603,QETA
4604,QFIN
4605,QGEN
4606,QH
4607,QIPT
4608,QLGN
4609,QLYS
4610,QMCO
4611,QMMM
4612,QNCX
4613,QNRX
4614,QNST
4615,QNTM
4616,QQQX
4617,QRHC
4618,QRVO
4619,QS
4620,QSG
4621,QSI
4622,QSR
4623,QTRX
4624,QTTB
4625,QTWO
4626,QUAD
4627,QUBT
4628,QUIK
4629,QURE
4630,QVCC
4631,QVCD
4632,QVCGA
4633,QVCGB
4634,QVCGP
4635,QXO
4636,R
4637,RA
4638,RACE
4639,RADX
4640,RAIL
4641,RAIN
4642,RAMP
4643,RAND
4644,RANG
4645,RANGU
4646,RANI
4647,RAPP
4648,RAPT
4649,RARE
4650,RAVE
4651,RAY
4652,RAYA
4653,RBA
4654,RBB
4655,RBBN
4656,RBC
4657,RBCAA
4658,RBKB
4659,RBLX
4660,RBOT
4661,RBRK
4662,RC
4663,RCAT
4664,RCB
4665,RCC
4666,RCD
4667,RCEL
4668,RCG
4669,RCI
4670,RCKT
4671,RCKY
4672,RCL
4673,RCMT
4674,RCON
4675,RCS
4676,RCUS
4677,RDAC
4678,RDCM
4679,RDDT
4680,RDFN
4681,RDGT
4682,RDHL
4683,RDI
4684,RDIB
4685,RDN
4686,RDNT
4687,RDUS
4688,RDVT
4689,RDW
4690,RDWR
4691,RDY
4692,RDZN
4693,REAL
4694,REAX
4695,REBN
4696,RECT
4697,REE
4698,REFI
4699,REFR
4700,REG
4701,REGCO
4702,REGCP
4703,REGN
4704,REI
4705,REKR
4706,RELI
4707,RELL
4708,RELX
4709,RELY
4710,RENB
4711,RENE
4712,RENEW
4713,RENT
4714,REPL
4715,REPX
4716,RERE
4717,RES
4718,RETO
4719,REVB
4720,REVG
4721,REX
4722,REXR
4723,REYN
4724,REZI
4725,RF
4726,RFAI
4727,RFI
4728,RFIL
4729,RFL
4730,RFM
4731,RFMZ
4732,RGA
4733,RGC
4734,RGCO
4735,RGEN
4736,RGLD
4737,RGLS
4738,RGNX
4739,RGP
4740,RGR
4741,RGS
4742,RGT
4743,RGTI
4744,RH
4745,RHI
4746,RHLD
4747,RHP
4748,RIBB
4749,RIBBU
4750,RICK
4751,RIG
4752,RIGL
4753,RILY
4754,RILYG
4755,RILYK
4756,RILYL
4757,RILYN
4758,RILYP
4759,RILYT
4760,RILYZ
4761,RIME
4762,RIO
4763,RIOT
4764,RITM
4765,RITR
4766,RIV
4767,RIVN
4768,RJF
4769,RKDA
4770,RKLB
4771,RKT
4772,RL
4773,RLAY
4774,RLGT
4775,RLI
4776,RLJ
4777,RLMD
4778,RLTY
4779,RLX
4780,RLYB
4781,RM
4782,RMAX
4783,RMBI
4784,RMBL
4785,RMBS
4786,RMCF
4787,RMCO
4788,RMD
4789,RMI
4790,RMM
4791,RMMZ
4792,RMNI
4793,RMR
4794,RMSG
4795,RMT
4796,RMTI
4797,RNA
4798,RNAC
4799,RNAZ
4800,RNG
4801,RNGR
4802,RNP
4803,RNR
4804,RNST
4805,RNTX
4806,RNW
4807,RNXT
4808,ROAD
4809,ROCK
4810,ROG
4811,ROIV
4812,ROK
4813,ROKU
4814,ROL
4815,ROLR
4816,ROMA
4817,ROOT
4818,ROP
4819,ROST
4820,RPAY
4821,RPD
4822,RPID
4823,RPM
4824,RPRX
4825,RPT
4826,RPTX
4827,RQI
4828,RR
4829,RRBI
4830,RRC
4831,RRGB
4832,RRR
4833,RRX
4834,RS
4835,RSF
4836,RSG
4837,RSI
4838,RSKD
4839,RSLS
4840,RSSS
4841,RSVR
4842,RSVRW
4843,RTC
4844,RTO
4845,RTX
4846,RUM
4847,RUN
4848,RUSHA
4849,RUSHB
4850,RVLV
4851,RVMD
4852,RVP
4853,RVPH
4854,RVSB
4855,RVSN
4856,RVT
4857,RVTY
4858,RVYL
4859,RWAY
4860,RWAYL
4861,RWAYZ
4862,RWT
4863,RWTN
4864,RWTO
4865,RWTP
4866,RXO
4867,RXRX
4868,RXST
4869,RXT
4870,RY
4871,RYAAY
4872,RYAM
4873,RYAN
4874,RYDE
4875,RYI
4876,RYN
4877,RYTM
4878,RZB
4879,RZC
4880,RZLT
4881,RZLV
4882,S
4883,SA
4884,SABA
4885,SABR
4886,SABS
4887,SACH
4888,SAFE
4889,SAFT
4890,SAG
4891,SAGE
4892,SAGT
4893,SAH
4894,SAIA
4895,SAIC
4896,SAIH
4897,SAIL
4898,SAJ
4899,SAM
4900,SAMG
4901,SAN
4902,SANA
4903,SAND          
4904,SANG
4905,SANM
4906,SANW
4907,SAP
4908,SAR
4909,SARO
4910,SASR
4911,SAT
4912,SATL
4913,SATS
4914,SATX
4915,SAVA
4916,SAY
4917,SAZ
4918,SB
4919,SBAC
4920,SBC
4921,SBCF
4922,SBET
4923,SBEV
4924,SBFG
4925,SBFM
4926,SBGI
4927,SBH
4928,SBI
4929,SBLK
4930,SBR
4931,SBRA
4932,SBS
4933,SBSI
4934,SBSW
4935,SBT
4936,SBUX
4937,SBXD
4938,SCCC
4939,SCCD
4940,SCCE
4941,SCCF
4942,SCCG
4943,SCCO
4944,SCD
4945,SCHL
4946,SCHW
4947,SCI
4948,SCKT
4949,SCL
4950,SCLX
4951,SCM
4952,SCNI
4953,SCNX
4954,SCOR
4955,SCPH
4956,SCPX
4957,SCS
4958,SCSC
4959,SCVL
4960,SCWO
4961,SCYX
4962,SD
4963,SDA
4964,SDGR
4965,SDHC
4966,SDHY
4967,SDIG
4968,SDOT
4969,SDRL
4970,SDST
4971,SE
4972,SEAT
4973,SEATW
4974,SEB
4975,SEDG
4976,SEE
4977,SEED
4978,SEER
4979,SEG
4980,SEI
4981,SEIC
4982,SELF
4983,SELX
4984,SEM
4985,SEMR
4986,SENEA
4987,SENEB
4988,SENS
4989,SEPN
4990,SER
4991,SERA
4992,SERV
4993,SES
4994,SEVN
4995,SEZL
4996,SF
4997,SFBC
4998,SFBS
4999,SFD
5000,SFHG
5001,SFIX
5002,SFL
5003,SFM
5004,SFNC
5005,SFST
5006,SFWL
5007,SG
5008,SGA
5009,SGBX
5010,SGC
5011,SGD
5012,SGHC
5013,SGHT
5014,SGI
5015,SGLY
5016,SGMA
5017,SGML
5018,SGMO
5019,SGMT
5020,SGN
5021,SGRP
5022,SGRY
5023,SGU
5024,SHAK
5025,SHBI
5026,SHC
5027,SHCO
5028,SHEL
5029,SHEN
5030,SHFS
5031,SHG
5032,SHIM
5033,SHIP
5034,SHLS
5035,SHLT
5036,SHMD
5037,SHO
5038,SHOO
5039,SHOP
5040,SHOT
5041,SHPH
5042,SHW
5043,SHYF
5044,SIBN
5045,SID
5046,SIDU
5047,SIEB
5048,SIF
5049,SIFY
5050,SIG
5051,SIGA
5052,SIGI
5053,SIGIP
5054,SII
5055,SILA
5056,SILC
5057,SILO
5058,SIM
5059,SIMA
5060,SIMAU
5061,SIMO
5062,SINT
5063,SION
5064,SIRI
5065,SISI
5066,SITE
5067,SITM
5068,SJ
5069,SJM
5070,SJT
5071,SJW
5072,SKBL
5073,SKE
5074,SKGR
5075,SKGRU
5076,SKGRW
5077,SKIL
5078,SKIN
5079,SKK
5080,SKLZ
5081,SKM
5082,SKT
5083,SKWD
5084,SKX
5085,SKY
5086,SKYE
5087,SKYH
5088,SKYQ
5089,SKYT
5090,SKYW
5091,SKYX
5092,SLAB
5093,SLB
5094,SLDB
5095,SLDP
5096,SLE
5097,SLF
5098,SLG
5099,SLGL
5100,SLGN
5101,SLI
5102,SLM
5103,SLMBP
5104,SLN
5105,SLND
5106,SLNG
5107,SLNH
5108,SLNHP
5109,SLNO
5110,SLP
5111,SLQT
5112,SLRC
5113,SLRN
5114,SLRX
5115,SLS
5116,SLSR
5117,SLVM
5118,SLXN
5119,SM
5120,SMBC
5121,SMBK
5122,SMC
5123,SMCI
5124,SMFG
5125,SMG
5126,SMHI
5127,SMID
5128,SMLR
5129,SMMT
5130,SMRT
5131,SMSI
5132,SMTC
5133,SMTI
5134,SMTK
5135,SMWB
5136,SMX
5137,SMXT
5138,SN
5139,SNA
5140,SNAL
5141,SNAP
5142,SNBR
5143,SNCR
5144,SNCRL
5145,SNCY
5146,SND
5147,SNDA
5148,SNDK
5149,SNDL
5150,SNDR
5151,SNDX
5152,SNES
5153,SNEX
5154,SNFCA
5155,SNGX
5156,SNN
5157,SNOA
5158,SNOW
5159,SNPS
5160,SNPX
5161,SNRE
5162,SNSE
5163,SNT
5164,SNTG
5165,SNTI
5166,SNV
5167,SNWV
5168,SNX
5169,SNY
5170,SNYR
5171,SO
5172,SOAR
5173,SOBO
5174,SOBR
5175,SOC
5176,SOFI
5177,SOGP
5178,SOHO
5179,SOHOB
5180,SOHON
5181,SOHOO
5182,SOHU
5183,SOJC
5184,SOJD
5185,SOJE
5186,SOJF
5187,SOL
5188,SOLV
5189,SON
5190,SOND
5191,SONM
5192,SONN
5193,SONO
5194,SONY
5195,SOPA
5196,SOPH
5197,SOR
5198,SOS
5199,SOTK
5200,SOUN
5201,SOWG
5202,SPAI
5203,SPB
5204,SPCB
5205,SPCE
5206,SPE
5207,SPFI
5208,SPG
5209,SPGC
5210,SPGI
5211,SPH
5212,SPHA
5213,SPHAU
5214,SPHL
5215,SPHR
5216,SPIR
5217,SPKL
5218,SPLP
5219,SPMA
5220,SPMC
5221,SPNS
5222,SPNT
5223,SPOK
5224,SPOT
5225,SPPL
5226,SPR
5227,SPRB
5228,SPRC
5229,SPRO
5230,SPRU
5231,SPRY
5232,SPSC
5233,SPT
5234,SPTN
5235,SPWH
5236,SPXC
5237,SPXX
5238,SQFT
5239,SQFTP
5240,SQM
5241,SQNS
5242,SR
5243,SRAD
5244,SRBK
5245,SRCE
5246,SRDX
5247,SRE
5248,SREA
5249,SRFM
5250,SRG
5251,SRI
5252,SRL
5253,SRM
5254,SRPT
5255,SRRK
5256,SRTS
5257,SRV
5258,SRZN
5259,SSB
5260,SSBI
5261,SSBK
5262,SSD
5263,SSKN
5264,SSL
5265,SSNC
5266,SSP
5267,SSRM
5268,SSSS
5269,SST
5270,SSTI
5271,SSTK
5272,SSY
5273,SSYS
5274,ST
5275,STAA
5276,STAG
5277,STAI
5278,STAK
5279,STBA
5280,STBX
5281,STC
5282,STE
5283,STEC
5284,STEL
5285,STEM
5286,STEP
5287,STEW
5288,STFS
5289,STG
5290,STGW
5291,STHO
5292,STI
5293,STIM
5294,STK
5295,STKH
5296,STKL
5297,STKS
5298,STLA
5299,STLD
5300,STM
5301,STN
5302,STNE
5303,STNG
5304,STOK
5305,STR
5306,STRA
5307,STRK
5308,STRL
5309,STRM
5310,STRO
5311,STRR
5312,STRRP
5313,STRS
5314,STRT
5315,STRW
5316,STSS
5317,STT
5318,STTK
5319,STVN
5320,STWD
5321,STX
5322,STXS
5323,STZ
5324,SU
5325,SUGP
5326,SUI
5327,SUN
5328,SUNE
5329,SUNS
5330,SUP
5331,SUPN
5332,SUPV
5333,SURG
5334,SUUN
5335,SUZ
5336,SVC
5337,SVCCU
5338,SVCO
5339,SVII
5340,SVM
5341,SVRA
5342,SVRE
5343,SVT
5344,SVV
5345,SW
5346,SWAG
5347,SWBI
5348,SWI
5349,SWIM
5350,SWIN
5351,SWK
5352,SWKH
5353,SWKHL
5354,SWKS
5355,SWTX
5356,SWVL
5357,SWX
5358,SWZ
5359,SXC
5360,SXI
5361,SXT
5362,SXTC
5363,SXTP
5364,SY
5365,SYBT
5366,SYBX
5367,SYF
5368,SYK
5369,SYM
5370,SYNA
5371,SYNX
5372,SYPR
5373,SYRA
5374,SYRE
5375,SYRS
5376,SYT
5377,SYTA
5378,SYY
5379,T
5380,TAC
5381,TACT
5382,TAIT
5383,TAK
5384,TAL
5385,TALK
5386,TALO
5387,TANH
5388,TAOP
5389,TAP
5390,TARA
5391,TARS
5392,TASK
5393,TATT
5394,TAVI
5395,TAVIU
5396,TAYD
5397,TBB
5398,TBBB
5399,TBBK
5400,TBCH
5401,TBH
5402,TBI
5403,TBLA
5404,TBLD
5405,TBMC
5406,TBMCR
5407,TBN
5408,TBNK
5409,TBPH
5410,TBRG
5411,TC
5412,TCBI
5413,TCBIO
5414,TCBK
5415,TCBP
5416,TCBS
5417,TCBX
5418,TCI
5419,TCMD
5420,TCOM
5421,TCPC
5422,TCRT
5423,TCRX
5424,TCTM
5425,TCX
5426,TD
5427,TDAC
5428,TDACU
5429,TDC
5430,TDF
5431,TDG
5432,TDOC
5433,TDS
5434,TDTH
5435,TDUP
5436,TDW
5437,TDY
5438,TE
5439,TEAF
5440,TEAM
5441,TECH
5442,TECK
5443,TECTP
5444,TECX
5445,TEF
5446,TEI
5447,TEL
5448,TELA
5449,TELO
5450,TEM
5451,TEN
5452,TENB
5453,TENX
5454,TEO
5455,TER
5456,TERN
5457,TEVA
5458,TEX
5459,TFC
5460,TFII
5461,TFIN
5462,TFINP
5463,TFPM
5464,TFSA
5465,TFSL
5466,TFX
5467,TG
5468,TGB
5469,TGI
5470,TGL
5471,TGLS
5472,TGNA
5473,TGS
5474,TGT
5475,TGTX
5476,TH
5477,THAR
5478,THC
5479,THCH
5480,THFF
5481,THG
5482,THM
5483,THO
5484,THQ
5485,THR
5486,THRD
5487,THRM
5488,THRY
5489,THS
5490,THTX
5491,THW
5492,TIC
5493,TIGO
5494,TIGR
5495,TIL
5496,TILE
5497,TIMB
5498,TIPT
5499,TIRX
5500,TISI
5501,TITN
5502,TIVC
5503,TIXT
5504,TJX
5505,TK
5506,TKC
5507,TKLF
5508,TKNO
5509,TKO
5510,TKR
5511,TLF
5512,TLK
5513,TLN
5514,TLPH
5515,TLRY
5516,TLS
5517,TLSA
5518,TLSI
5519,TLSIW
5520,TLX
5521,TLYS
5522,TM
5523,TMC
5524,TMCI
5525,TMCWW
5526,TMDX
5527,TME
5528,TMHC
5529,TMO
5530,TMP
5531,TMQ
5532,TMUS
5533,TNC
5534,TNDM
5535,TNET
5536,TNFA
5537,TNGX
5538,TNK
5539,TNL
5540,TNMG
5541,TNON
5542,TNXP
5543,TNYA
5544,TOI
5545,TOL
5546,TOMZ
5547,TOON
5548,TOP
5549,TOPP
5550,TOPS
5551,TORO
5552,TOST
5553,TOUR
5554,TOVX
5555,TOWN
5556,TOYO
5557,TPB
5558,TPC
5559,TPCS
5560,TPET
5561,TPG
5562,TPGXL
5563,TPH
5564,TPIC
5565,TPL
5566,TPR
5567,TPST
5568,TPTA
5569,TPVG
5570,TR
5571,TRAK
5572,TRAW
5573,TRC
5574,TRDA
5575,TREE
5576,TREX
5577,TRGP
5578,TRI
5579,TRIB
5580,TRIN
5581,TRINI
5582,TRINZ
5583,TRIP
5584,TRMB
5585,TRMD
5586,TRMK
5587,TRML
5588,TRN
5589,TRNO
5590,TRNR
5591,TRNS
5592,TROO
5593,TROW
5594,TROX
5595,TRP
5596,TRS
5597,TRSG
5598,TRST
5599,TRT
5600,TRTX
5601,TRU
5602,TRUE
5603,TRUG
5604,TRUP
5605,TRV
5606,TRVG
5607,TRVI
5608,TRX
5609,TS
5610,TSAT
5611,TSBK
5612,TSBX
5613,TSCO
5614,TSE
5615,TSEM
5616,TSHA
5617,TSI
5618,TSLA
5619,TSLX
5620,TSM
5621,TSN
5622,TSQ
5623,TSSI
5624,TSVT
5625,TT
5626,TTAM
5627,TTAN
5628,TTC
5629,TTD
5630,TTE
5631,TTEC
5632,TTEK
5633,TTGT
5634,TTI
5635,TTMI
5636,TTNP
5637,TTSH
5638,TTWO
5639,TU
5640,TURB
5641,TURN
5642,TUSK
5643,TUYA
5644,TV
5645,TVC
5646,TVE
5647,TVGN
5648,TVTX
5649,TW
5650,TWFG
5651,TWG
5652,TWI
5653,TWIN
5654,TWLO
5655,TWN
5656,TWNP
5657,TWO
5658,TWST
5659,TX
5660,TXG
5661,TXMD
5662,TXN
5663,TXNM
5664,TXO
5665,TXRH
5666,TXT
5667,TY
5668,TYG
5669,TYGO
5670,TYL
5671,TYRA
5672,TZOO
5673,TZUP
5674,U
5675,UA
5676,UAA
5677,UAL
5678,UAMY
5679,UAN
5680,UAVS
5681,UBCP
5682,UBER
5683,UBFO
5684,UBS
5685,UBSI
5686,UBX
5687,UBXG
5688,UCAR
5689,UCB
5690,UCL
5691,UCTT
5692,UDMY
5693,UDR
5694,UE
5695,UEC
5696,UEIC
5697,UFCS
5698,UFG
5699,UFI
5700,UFPI
5701,UFPT
5702,UG
5703,UGI
5704,UGP
5705,UGRO
5706,UHAL
5707,UHG
5708,UHS
5709,UHT
5710,UI
5711,UIS
5712,UK
5713,UL
5714,ULBI
5715,ULCC
5716,ULH
5717,ULS
5718,ULTA
5719,ULY
5720,UMAC
5721,UMBF
5722,UMBFP
5723,UMC
5724,UMH
5725,UNB
5726,UNCY
5727,UNF
5728,UNFI
5729,UNH
5730,UNIT
5731,UNM
5732,UNMA
5733,UNP
5734,UNTY
5735,UOKA
5736,UONE
5737,UONEK
5738,UP
5739,UPB
5740,UPBD
5741,UPC
5742,UPLD
5743,UPS
5744,UPST
5745,UPWK
5746,UPXI
5747,URBN
5748,URG
5749,URGN
5750,URI
5751,UROY
5752,USA
5753,USAC
5754,USAS
5755,USAU
5756,USB
5757,USCB
5758,USEA
5759,USEG
5760,USFD
5761,USGO
5762,USIO
5763,USLM
5764,USM
5765,USNA
5766,USPH
5767,UTF
5768,UTG
5769,UTHR
5770,UTI
5771,UTL
5772,UTMD
5773,UTSI
5774,UTZ
5775,UUU
5776,UUUU
5777,UVE
5778,UVSP
5779,UVV
5780,UWMC
5781,UXIN
5782,UZD
5783,UZE
5784,UZF
5785,V
5786,VABK
5787,VAC
5788,VACH
5789,VACHU
5790,VAL
5791,VALE
5792,VALN
5793,VALU
5794,VANI
5795,VATE
5796,VBF
5797,VBFC
5798,VBNK
5799,VBTX
5800,VC
5801,VCEL
5802,VCIC
5803,VCICU
5804,VCIG
5805,VCSA
5806,VCTR
5807,VCV
5808,VCYT
5809,VECO
5810,VEEA
5811,VEEE
5812,VEEV
5813,VEL
5814,VENU
5815,VEON
5816,VERA
5817,VERB
5818,VERI
5819,VERO
5820,VERU
5821,VERV
5822,VERX
5823,VET
5824,VFC
5825,VFF
5826,VFL
5827,VFS
5828,VFSWW
5829,VG
5830,VGAS
5831,VGI
5832,VGM
5833,VGZ
5834,VHC
5835,VHI
5836,VIASP
5837,VIAV
5838,VICI
5839,VICR
5840,VIGL
5841,VIK
5842,VINC
5843,VINE
5844,VINP
5845,VIOT
5846,VIPS
5847,VIR
5848,VIRC
5849,VIRT
5850,VIST
5851,VITL
5852,VIV
5853,VIVK
5854,VKI
5855,VKQ
5856,VKTX
5857,VLCN
5858,VLGEA
5859,VLN
5860,VLO
5861,VLRS
5862,VLT
5863,VLTO
5864,VLY
5865,VLYPN
5866,VLYPO
5867,VLYPP
5868,VMAR
5869,VMC
5870,VMCA
5871,VMCAU
5872,VMD
5873,VMEO
5874,VMI
5875,VMO
5876,VNCE
5877,VNDA
5878,VNET
5879,VNO
5880,VNOM
5881,VNRX
5882,VNT
5883,VOC
5884,VOD
5885,VOR
5886,VOXR
5887,VOXX
5888,VOYA
5889,VPG
5890,VPV
5891,VRA
5892,VRAR
5893,VRAX
5894,VRCA
5895,VRDN
5896,VRE
5897,VREX
5898,VRM
5899,VRME
5900,VRN
5901,VRNA
5902,VRNS
5903,VRNT
5904,VRPX
5905,VRRM
5906,VRSK
5907,VRSN
5908,VRT
5909,VRTS
5910,VRTX
5911,VS
5912,VSAT
5913,VSCO
5914,VSEC
5915,VSEE
5916,VSH
5917,VSME
5918,VSSYW
5919,VST
5920,VSTA
5921,VSTE
5922,VSTM
5923,VSTS
5924,VTAK
5925,VTEX
5926,VTGN
5927,VTLE
5928,VTMX
5929,VTN
5930,VTOL
5931,VTR
5932,VTRS
5933,VTS
5934,VTSI
5935,VTVT
5936,VTYX
5937,VUZI
5938,VVOS
5939,VVPR
5940,VVR
5941,VVV
5942,VVX
5943,VXRT
5944,VYGR
5945,VYNE
5946,VYX
5947,VZ
5948,VZLA
5949,W
5950,WAB
5951,WABC
5952,WAFD
5953,WAFDP
5954,WAFU
5955,WAI
5956,WAL
5957,WALD
5958,WALDW
5959,WASH
5960,WAT
5961,WATT
5962,WAVE
5963,WAY
5964,WB
5965,WBA
5966,WBD
5967,WBS
5968,WBTN
5969,WBX
5970,WCC
5971,WCN
5972,WCT
5973,WD
5974,WDAY
5975,WDC
5976,WDFC
5977,WDH
5978,WDI
5979,WDS
5980,WEA
5981,WEAV
5982,WEC
5983,WELL
5984,WEN
5985,WERN
5986,WES
5987,WEST
5988,WETH
5989,WETO
5990,WEX
5991,WEYS
5992,WF
5993,WFC
5994,WFCF
5995,WFG
5996,WFRD
5997,WGO
5998,WGRX
5999,WGS
6000,WH
6001,WHD
6002,WHF
6003,WHFCL
6004,WHG
6005,WHLR
6006,WHLRD
6007,WHLRL
6008,WHLRP
6009,WHR
6010,WIA
6011,WILC
6012,WIMI
6013,WINA
6014,WING
6015,WINT
6016,WINV
6017,WIT
6018,WIW
6019,WIX
6020,WK
6021,WKC
6022,WKEY
6023,WKHS
6024,WKSP
6025,WLAC
6026,WLACU
6027,WLDN
6028,WLDS
6029,WLFC
6030,WLGS
6031,WLK
6032,WLKP
6033,WLY
6034,WLYB
6035,WM
6036,WMB
6037,WMG
6038,WMK
6039,WMPN
6040,WMS
6041,WMT
6042,WNC
6043,WNEB
6044,WNS
6045,WNW
6046,WOK
6047,WOLF
6048,WOOF
6049,WOR
6050,WORX
6051,WOW
6052,WPC
6053,WPM
6054,WPP
6055,WPRT
6056,WRAP
6057,WRB
6058,WRBY
6059,WRD
6060,WRLD
6061,WRN
6062,WS
6063,WSBC
6064,WSBCP
6065,WSBF
6066,WSC
6067,WSFS
6068,WSM
6069,WSO
6070,WSR
6071,WST
6072,WT
6073,WTBA
6074,WTFC
6075,WTFCM
6076,WTFCP
6077,WTI
6078,WTM
6079,WTO
6080,WTRG
6081,WTS
6082,WTTR
6083,WTW
6084,WU
6085,WULF
6086,WVE
6087,WVVI
6088,WVVIP
6089,WW
6090,WWD
6091,WWR
6092,WWW
6093,WY
6094,WYHG
6095,WYNN
6096,WYY
6097,X
6098,XAIR
6099,XBIO
6100,XBIT
6101,XBP
6102,XCH
6103,XCUR
6104,XEL
6105,XELB
6106,XENE
6107,XERS
6108,XFLT
6109,XFOR
6110,XGN
6111,XHG
6112,XHLD
6113,XHR
6114,XIFR
6115,XIN
6116,XLO
6117,XMTR
6118,XNCR
6119,XNET
6120,XOM
6121,XOMA
6122,XOMAO
6123,XOMAP
6124,XOS
6125,XP
6126,XPEL
6127,XPER
6128,XPEV
6129,XPL
6130,XPO
6131,XPOF
6132,XPON
6133,XPRO
6134,XRAY
6135,XRTX
6136,XRX
6137,XTIA
6138,XTKG
6139,XTLB
6140,XTNT
6141,XWEL
6142,XXII
6143,XYF
6144,XYL
6145,XYLO
6146,XYZ
6147,YAAS
6148,YALA
6149,YCBD
6150,YELP
6151,YETI
6152,YEXT
6153,YGMZ
6154,YHC
6155,YHGJ
6156,YHNA
6157,YHNAU
6158,YI
6159,YIBO
6160,YJ
6161,YMAB
6162,YMM
6163,YORW
6164,YOSH
6165,YOTA
6166,YOU
6167,YPF
6168,YQ
6169,YRD
6170,YSG
6171,YSXT
6172,YTRA
6173,YUM
6174,YUMC
6175,YXT
6176,YY
6177,YYAI
6178,YYGH
6179,Z
6180,ZAPP
6181,ZBAI
6182,ZBAO
6183,ZBH
6184,ZBIO
6185,ZBRA
6186,ZCAR
6187,ZCMD
6188,ZD
6189,ZDGE
6190,ZENA
6191,ZENV
6192,ZEO
6193,ZEPP
6194,ZETA
6195,ZEUS
6196,ZG
6197,ZGN
6198,ZH
6199,ZI
6200,ZIM
6201,ZIMV
6202,ZION
6203,ZIONP
6204,ZIP
6205,ZJK
6206,ZJYL
6207,ZK
6208,ZKH
6209,ZKIN
6210,ZLAB
6211,ZM
6212,ZNTL
6213,ZONE
6214,ZOOZ
6215,ZS
6216,ZSPC
6217,ZTEK
6218,ZTO
6219,ZTR
6220,ZTS
6221,ZUMZ
6222,ZURA
6223,ZVIA
6224,ZVRA
6225,ZVSA
6226,ZWS
6227,ZYBT
6228,ZYME
6229,ZYXI
